Sequence_Name,Length_bp
RC-T1-9_k127_759463_11,801
RC-T1-9_k127_759463_12,963
RC-T1-9_k127_759463_13,1782
RC-T1-9_k127_759463_14,168
RC-T1-9_k127_777842_1,720
RC-T1-9_k127_777842_2,792
RC-T1-9_k127_777842_3,2352
RC-T1-9_k127_777842_4,957
RC-T1-9_k127_777842_5,339
RC-T1-9_k127_777842_6,720
RC-T1-9_k127_777842_7,303
RC-T1-9_k127_777842_8,1194
RC-T1-9_k127_777842_9,897
RC-T1-9_k127_777842_10,468
RC-T1-9_k127_777842_11,1749
RC-T1-9_k127_777842_12,2580
RC-T1-9_k127_777842_13,954
RC-T1-9_k127_372451_1,465
RC-T1-9_k127_372451_2,624
RC-T1-9_k127_372451_3,300
RC-T1-9_k127_372451_4,822
RC-T1-9_k127_372451_5,1125
RC-T1-9_k127_372451_6,336
RC-T1-9_k127_372451_7,438
RC-T1-9_k127_372451_8,2598
RC-T1-9_k127_372451_9,3069
RC-T1-9_k127_372451_10,1215
RP-T1-3_k127_2103558_1,831
RP-T1-3_k127_2103558_2,675
RP-T1-3_k127_2103558_3,1473
RP-T1-3_k127_2103558_4,1797
RP-T1-3_k127_2103558_5,462
RP-T1-3_k127_2103558_6,186
RP-T1-3_k127_2103558_7,3255
RP-T1-3_k127_2103558_8,720
RP-T1-3_k127_2103558_9,1896
RP-T1-3_k127_2103558_10,3048
RP-T1-3_k127_2103558_11,243
RP-T1-3_k127_353684_1,207
RP-T1-3_k127_353684_2,2118
RP-T1-3_k127_353684_3,813
RP-T1-3_k127_353684_4,672
RP-T1-3_k127_353684_5,795
RP-T1-3_k127_353684_6,1176
RP-T1-3_k127_353684_7,702
RP-T1-3_k127_353684_8,636
RP-T1-3_k127_353684_9,918
RP-T1-3_k127_353684_10,483
RP-T1-3_k127_353684_11,2091
RP-T1-3_k127_353684_12,1020
RP-T1-3_k127_353684_13,1110
RP-T1-3_k127_280624_1,252
RP-T1-3_k127_280624_2,1548
RP-T1-3_k127_280624_3,489
RP-T1-3_k127_280624_4,684
RP-T1-3_k127_280624_5,258
RP-T1-3_k127_280624_6,717
RP-T1-3_k127_280624_7,1290
RP-T1-3_k127_280624_8,450
RP-T1-3_k127_280624_9,588
RP-T1-3_k127_280624_10,633
RP-T1-3_k127_280624_11,723
RP-T1-3_k127_280624_12,282
RP-T1-3_k127_280624_13,582
RP-T1-3_k127_280624_14,507
RP-T1-3_k127_1265795_1,177
RP-T1-3_k127_1265795_2,516
RP-T1-3_k127_1265795_3,1350
RP-T1-3_k127_1265795_4,630
RP-T1-3_k127_1265795_5,99
RP-T1-3_k127_1265795_6,315
RP-T1-3_k127_1265795_7,90
RP-T1-3_k127_1265795_8,735
RP-T1-3_k127_1265795_9,627
RP-T1-3_k127_1265795_10,552
RP-T1-3_k127_1265795_11,138
RP-T1-3_k127_1265795_12,225
RP-T1-3_k127_1265795_13,354
RP-T1-3_k127_1265795_14,762
RP-T1-3_k127_1265795_15,366
RP-T1-3_k127_1265795_16,165
RP-T1-3_k127_1265795_17,237
RP-T1-3_k127_1265795_18,1959
RP-T1-3_k127_1265795_19,162
RP-T1-3_k127_1265795_20,177
RP-T1-3_k127_175146_1,195
RP-T1-3_k127_175146_2,447
RP-T1-3_k127_175146_3,426
RP-T1-3_k127_175146_4,219
RP-T1-3_k127_175146_5,501
RP-T1-3_k127_175146_6,351
RP-T1-3_k127_175146_7,906
RP-T1-3_k127_175146_8,393
RP-T1-3_k127_175146_9,1662
RP-T1-3_k127_175146_10,1668
RP-T1-3_k127_175146_11,3669
RP-T1-3_k127_175146_12,1254
RP-T1-3_k127_175146_13,2598
RP-T1-3_k127_1759615_1,1872
RP-T1-3_k127_1759615_2,1197
RP-T1-3_k127_1759615_3,426
RP-T1-3_k127_1759615_4,3108
RP-T1-3_k127_1759615_5,1005
RP-T1-3_k127_1759615_6,1593
RP-T1-3_k127_1759615_7,2067
RP-T1-3_k127_1758766_1,288
RP-T1-3_k127_1758766_2,1632
RP-T1-3_k127_1758766_3,1836
RP-T1-3_k127_1758766_4,930
RP-T1-3_k127_1758766_5,1158
RP-T1-3_k127_1758766_6,639
RP-T1-3_k127_1758766_7,936
RP-T1-3_k127_1758766_8,1332
RP-T1-3_k127_1758766_9,459
RP-T1-3_k127_1758766_10,219
RP-T1-3_k127_1758766_11,1056
RP-T1-3_k127_1758766_12,630
RP-T1-3_k127_1758766_13,894
RP-T1-3_k127_1758766_14,1602
RP-T1-3_k127_1758766_15,261
RP-T1-3_k127_1758766_16,3297
RP-T1-3_k127_1758766_17,3309
RP-T1-3_k127_1758766_18,858
RP-T1-3_k127_1758766_19,609
RP-T1-3_k127_1758766_20,798
RP-T1-3_k127_1758766_21,795
RP-T1-3_k127_1758766_22,1053
RP-T1-3_k127_1758766_23,1389
RP-T1-3_k127_1758766_24,1623
RP-T1-3_k127_1758766_25,1272
RP-T1-3_k127_1758766_26,201
RP-T1-3_k127_1758766_27,195
RP-T1-3_k127_243354_1,678
RP-T1-3_k127_243354_2,342
RP-T1-3_k127_243354_3,615
RP-T1-3_k127_243354_4,651
RP-T1-3_k127_243354_5,855
RP-T1-3_k127_243354_6,708
RP-T1-3_k127_243354_7,1344
RP-T1-3_k127_243354_8,1230
RP-T1-3_k127_243354_9,924
RP-T1-3_k127_243354_10,801
RP-T1-3_k127_243354_11,1467
RP-T1-3_k127_622948_1,351
RP-T1-3_k127_622948_2,1410
RP-T1-3_k127_622948_3,822
RP-T1-3_k127_622948_4,753
RP-T1-3_k127_622948_5,525
RP-T1-3_k127_622948_6,534
RP-T1-3_k127_622948_7,375
RP-T1-3_k127_622948_8,1353
RP-T1-3_k127_622948_9,768
RP-T1-3_k127_622948_10,189
RP-T1-3_k127_622948_11,330
RP-T1-3_k127_622948_12,303
RP-T1-3_k127_647845_1,2142
RP-T1-3_k127_647845_2,2847
RP-T1-3_k127_647845_3,603
RP-T1-3_k127_647845_4,600
RP-T1-3_k127_647845_5,492
RP-T1-3_k127_647845_6,723
RP-T1-3_k127_647845_7,774
RP-T1-3_k127_647845_8,1317
RP-T1-3_k127_647845_9,384
RP-T1-3_k127_647845_10,369
RP-T1-3_k127_647845_11,1581
RP-T1-3_k127_1328254_1,1014
RP-T1-3_k127_1328254_2,915
RP-T1-3_k127_1328254_3,288
RP-T1-3_k127_1328254_4,657
RP-T1-3_k127_1328254_5,393
RP-T1-3_k127_1328254_6,408
RP-T1-3_k127_1328254_7,636
RP-T1-3_k127_1328254_8,600
RP-T1-3_k127_1328254_9,1110
RP-T1-3_k127_1328254_10,225
RP-T1-3_k127_1328254_11,762
RP-T1-3_k127_1328254_12,1086
RP-T1-3_k127_1328254_13,2166
RP-T1-3_k127_1328254_14,1347
RP-T1-3_k127_1660831_1,1149
RP-T1-3_k127_1660831_2,612
RP-T1-3_k127_1660831_3,999
RP-T1-3_k127_1660831_4,1677
RP-T1-3_k127_1660831_5,1953
RP-T1-3_k127_1660831_6,534
RP-T1-3_k127_1660831_7,582
RP-T1-3_k127_1660831_8,6117
RP-T1-3_k127_1660831_9,1896
RP-T1-3_k127_1660831_10,519
RP-T1-3_k127_1660831_11,240
RP-T1-3_k127_1660831_12,387
RP-T1-3_k127_1660831_13,345
RP-T1-3_k127_1660831_14,1344
RP-T1-3_k127_2099112_1,8505
RP-T1-3_k127_2099112_2,1125
RP-T1-3_k127_2099112_3,7734
RP-T1-3_k127_2099112_4,900
RP-T1-3_k127_2099112_5,795
RP-T1-3_k127_2099112_6,294
RC-T1-3_k127_387592_4,288
RC-T1-3_k127_387592_5,390
RC-T1-3_k127_739934_1,1356
RC-T1-3_k127_739934_2,486
RC-T1-3_k127_739934_3,414
RC-T1-3_k127_739934_4,2142
RC-T1-3_k127_739934_5,459
RC-T1-3_k127_739934_6,447
RC-T1-3_k127_739934_7,1173
RC-T1-3_k127_739934_8,1488
RC-T1-3_k127_739934_9,591
RC-T1-3_k127_739934_10,762
RC-T1-3_k127_739934_11,1560
RC-T1-3_k127_739934_12,195
RC-T1-3_k127_739934_13,216
RC-T1-3_k127_570765_1,609
RC-T1-3_k127_570765_2,1593
RC-T1-3_k127_570765_3,1842
RC-T1-3_k127_570765_4,897
RC-T1-3_k127_570765_5,1716
RC-T1-3_k127_849532_1,426
RC-T1-3_k127_849532_2,2454
RC-T1-3_k127_849532_3,360
RC-T1-3_k127_849532_4,1422
RC-T1-3_k127_849532_5,612
RC-T1-3_k127_849532_6,396
RC-T1-3_k127_849532_7,879
RC-T1-3_k127_849532_8,1023
RC-T1-3_k127_849532_9,156
RC-T1-3_k127_849532_10,858
RC-T1-3_k127_19291_1,600
RC-T1-3_k127_19291_2,165
RC-T1-3_k127_19291_3,372
RC-T1-3_k127_19291_4,669
RC-T1-3_k127_19291_5,3318
RC-T1-3_k127_19291_6,156
RC-T1-3_k127_19291_7,921
RC-T1-3_k127_19291_8,174
RC-T1-3_k127_19291_9,522
RC-T1-3_k127_19291_10,993
RC-T1-3_k127_19291_11,1461
RC-T1-3_k127_19291_12,534
RC-T1-9_k127_354979_2,225
RC-T1-9_k127_354979_3,705
RC-T1-9_k127_354979_4,951
RC-T1-9_k127_354979_5,195
RC-T1-9_k127_354979_6,954
RC-T1-9_k127_354979_7,402
RC-T1-9_k127_354979_8,510
RC-T1-9_k127_354979_9,348
RC-T1-9_k127_354979_10,519
RC-T1-9_k127_354979_11,801
RC-T1-9_k127_354979_12,318
RC-T1-9_k127_354979_13,1284
RC-T1-9_k127_354979_14,1341
RC-T1-9_k127_675902_1,171
RC-T1-9_k127_675902_2,2709
RC-T1-9_k127_675902_3,171
RC-T1-9_k127_675902_4,852
RC-T1-9_k127_675902_5,780
RC-T1-9_k127_675902_6,2250
RC-T1-9_k127_675902_7,363
RC-T1-9_k127_675902_8,1665
RC-T1-9_k127_675902_9,210
RC-T1-9_k127_675902_10,2391
RC-T1-9_k127_675902_11,894
RC-T1-9_k127_675902_12,915
RC-T1-9_k127_675902_13,1482
RC-T1-9_k127_675902_14,1122
RC-T1-9_k127_675902_15,1452
RC-T1-9_k127_675902_16,588
RC-T1-9_k127_675902_17,711
RC-T1-9_k127_675902_18,393
RC-T1-9_k127_675902_19,2046
RC-T1-9_k127_675902_20,960
RC-T1-9_k127_675902_21,297
RC-T1-9_k127_675902_22,444
RC-T1-9_k127_675902_23,312
RC-T1-9_k127_675902_24,2532
RC-T1-9_k127_675902_25,768
RC-T1-9_k127_675902_26,909
RC-T1-9_k127_675902_27,768
RC-T1-9_k127_675902_28,750
RC-T1-9_k127_675902_29,1299
RC-T1-9_k127_675902_30,3807
RC-T1-9_k127_675902_31,441
RC-T1-9_k127_675902_32,2436
RC-T1-9_k127_675902_33,2376
RC-T1-9_k127_675902_34,240
RC-T1-9_k127_675902_35,171
RC-T1-9_k127_759463_1,414
RC-T1-9_k127_759463_2,1182
RC-T1-9_k127_759463_3,552
RC-T1-9_k127_759463_4,396
RC-T1-9_k127_759463_5,858
RC-T1-9_k127_759463_6,303
RC-T1-9_k127_759463_7,279
RC-T1-9_k127_759463_8,3252
RC-T1-9_k127_759463_9,408
RC-T1-9_k127_759463_10,729
8-T1-6_k127_217740_20,861
8-T1-6_k127_217740_21,438
8-T1-6_k127_217740_22,1074
8-T1-6_k127_217740_23,900
8-T1-6_k127_217740_24,1299
8-T1-6_k127_217740_25,1272
8-T1-6_k127_217740_26,2289
8-T1-6_k127_217740_27,909
8-T1-6_k127_217740_28,1422
8-T1-6_k127_217740_29,1017
8-T1-6_k127_217740_30,1602
8-T1-6_k127_217740_31,981
8-T1-6_k127_217740_32,828
8-T1-6_k127_217740_33,1593
8-T1-6_k127_217740_34,1212
8-T1-6_k127_217740_35,780
8-T1-6_k127_217740_36,1221
8-T1-6_k127_217740_37,636
8-T1-6_k127_217740_38,969
8-T1-6_k127_217740_39,1113
8-T1-6_k127_217740_40,798
8-T1-6_k127_294475_1,147
8-T1-6_k127_294475_2,468
8-T1-6_k127_294475_3,1611
8-T1-6_k127_294475_4,234
8-T1-6_k127_294475_5,261
8-T1-6_k127_294475_6,537
8-T1-6_k127_294475_7,645
8-T1-6_k127_294475_8,366
8-T1-6_k127_294475_9,423
8-T1-6_k127_294475_10,222
8-T1-6_k127_294475_11,744
8-T1-6_k127_294475_12,249
8-T1-6_k127_294475_13,285
8-T1-6_k127_294475_14,339
8-T1-6_k127_294475_15,750
8-T1-6_k127_294475_16,546
8-T1-6_k127_294475_17,543
8-T1-6_k127_294475_18,189
8-T1-6_k127_294475_19,573
8-T1-6_k127_232813_1,153
8-T1-6_k127_232813_2,786
HP-T1-3_k127_661173_2,1029
HP-T1-3_k127_661173_3,747
HP-T1-3_k127_661173_4,798
HP-T1-3_k127_661173_5,1332
HP-T1-3_k127_661173_6,1458
HP-T1-3_k127_661173_7,978
HP-T1-3_k127_661173_8,717
HP-T1-3_k127_661173_9,789
HP-T1-3_k127_661173_10,615
HP-T1-3_k127_661173_11,1227
HP-T1-3_k127_661173_12,696
HP-T1-3_k127_661173_13,1581
HP-T1-3_k127_661173_14,549
HP-T1-3_k127_661173_15,1032
HP-T1-3_k127_661173_16,1053
HP-T1-3_k127_661173_17,1065
HP-T1-3_k127_661173_18,210
HP-T1-3_k127_661173_19,1293
HP-T1-3_k127_661173_20,522
HP-T1-3_k127_661173_21,843
HP-T1-3_k127_661173_22,897
HP-T1-3_k127_661173_23,453
HP-T1-3_k127_661173_24,948
HP-T1-3_k127_661173_25,1110
HP-T1-3_k127_661173_26,690
HP-T1-3_k127_661173_27,1023
HP-T1-3_k127_661173_28,174
HP-T1-3_k127_237953_1,225
HP-T1-3_k127_237953_2,297
HP-T1-3_k127_237953_3,693
HP-T1-3_k127_237953_4,765
HP-T1-3_k127_237953_5,126
HP-T1-3_k127_237953_6,1686
HP-T1-3_k127_237953_7,462
HP-T1-3_k127_237953_8,420
HP-T1-3_k127_237953_9,1440
HP-T1-3_k127_237953_10,744
HP-T1-3_k127_237953_11,1203
HP-T1-3_k127_237953_12,669
HP-T1-3_k127_254926_1,468
HP-T1-3_k127_254926_2,1146
HP-T1-3_k127_254926_3,252
HP-T1-3_k127_254926_4,843
HP-T1-3_k127_254926_5,1035
HP-T1-3_k127_254926_6,1317
HP-T1-3_k127_254926_7,516
HP-T1-3_k127_254926_8,279
HP-T1-3_k127_254926_9,780
HP-T1-3_k127_254926_10,1689
HP-T1-3_k127_254926_11,1197
HP-T1-3_k127_254926_12,1077
HP-T1-3_k127_254926_13,1164
HP-T1-3_k127_254926_14,396
HP-T1-3_k127_254926_15,1056
HP-T1-3_k127_254926_16,510
HP-T1-3_k127_254926_17,1293
HP-T1-3_k127_254926_18,1506
HP-T1-3_k127_254926_19,1185
HP-T1-3_k127_254926_20,675
HP-T1-3_k127_118729_1,510
HP-T1-3_k127_118729_2,633
HP-T1-3_k127_118729_3,366
HP-T1-3_k127_118729_4,393
HP-T1-3_k127_118729_5,477
HP-T1-3_k127_118729_6,810
HP-T1-3_k127_118729_7,936
HP-T1-3_k127_118729_8,1257
HP-T1-3_k127_118729_9,4161
HP-T1-3_k127_118729_10,978
HP-T1-3_k127_118729_11,366
HP-T1-3_k127_118729_12,1650
HP-T1-3_k127_118729_13,567
HP-T1-3_k127_118729_14,420
HP-T1-3_k127_903659_1,258
HP-T1-3_k127_903659_2,219
HP-T1-3_k127_903659_3,294
HP-T1-3_k127_903659_4,261
HP-T1-3_k127_903659_5,309
HP-T1-3_k127_903659_6,501
HP-T1-3_k127_903659_7,606
HP-T1-3_k127_903659_8,795
HP-T1-3_k127_903659_9,1353
HP-T1-3_k127_903659_10,885
HP-T1-3_k127_903659_11,627
HP-T1-3_k127_903659_12,1722
HP-T1-3_k127_903659_13,486
HP-T1-3_k127_903659_14,426
HP-T1-3_k127_903659_15,693
HP-T1-3_k127_903659_16,402
HP-T1-3_k127_903659_17,978
HP-T1-3_k127_903659_18,669
HP-T1-3_k127_903659_19,708
HP-T1-3_k127_903659_20,237
HP-T1-3_k127_903659_21,510
HP-T1-6_k127_110633_1,3543
HP-T1-6_k127_110633_2,354
HP-T1-6_k127_110633_3,960
HP-T1-6_k127_110633_4,273
HP-T1-6_k127_110633_5,240
HP-T1-6_k127_110633_6,177
HP-T1-9_k127_1031382_3,951
HP-T1-9_k127_1031382_4,339
HP-T1-9_k127_1031382_5,450
HP-T1-9_k127_1031382_6,345
HP-T1-9_k127_1031382_7,216
HP-T1-9_k127_1031382_8,1452
HP-T1-9_k127_1031382_9,285
HP-T1-9_k127_1031382_10,2799
HP-T1-9_k127_1143222_1,723
HP-T1-9_k127_1143222_2,303
HP-T1-9_k127_1143222_3,990
HP-T1-9_k127_1143222_4,915
HP-T1-9_k127_1143222_5,420
HP-T1-9_k127_1143222_6,429
HP-T1-9_k127_1143222_7,423
HP-T1-9_k127_1143222_8,213
HP-T1-9_k127_1143222_9,867
HP-T1-9_k127_1143222_10,864
HP-T1-9_k127_1143222_11,1323
HP-T1-9_k127_1143222_12,714
HP-T1-9_k127_1143222_13,798
HP-T1-9_k127_1143222_14,1092
HP-T1-9_k127_522045_1,990
HP-T1-9_k127_522045_2,1380
HP-T1-9_k127_522045_3,984
HP-T1-9_k127_522045_4,918
HP-T1-9_k127_522045_5,1014
HP-T1-9_k127_522045_6,654
HP-T1-9_k127_522045_7,387
HP-T1-9_k127_522045_8,1092
HP-T1-9_k127_522045_9,1050
HP-T1-9_k127_522045_10,1443
RC-T1-3_k127_317054_1,804
RC-T1-3_k127_317054_2,348
RC-T1-3_k127_317054_3,981
RC-T1-3_k127_317054_4,243
RC-T1-3_k127_317054_5,2787
RC-T1-3_k127_317054_6,450
RC-T1-3_k127_317054_7,498
RC-T1-3_k127_317054_8,432
RC-T1-3_k127_317054_9,336
RC-T1-3_k127_317054_10,735
RC-T1-3_k127_317054_11,777
RC-T1-3_k127_317054_12,672
RC-T1-3_k127_40101_1,1608
RC-T1-3_k127_40101_2,1737
RC-T1-3_k127_40101_3,864
RC-T1-3_k127_40101_4,717
RC-T1-3_k127_40101_5,426
RC-T1-3_k127_40101_6,1005
RC-T1-3_k127_40101_7,594
RC-T1-3_k127_40101_8,1950
RC-T1-3_k127_40101_9,2751
RC-T1-3_k127_40101_10,447
RC-T1-3_k127_40101_11,261
RC-T1-3_k127_387592_1,8244
RC-T1-3_k127_387592_2,516
RC-T1-3_k127_387592_3,870
RP-T1-3_k127_2099112_7,801
RP-T1-3_k127_2099112_8,972
RP-T1-3_k127_2099112_9,1197
RP-T1-3_k127_2099112_10,981
RP-T1-3_k127_2099112_11,519
RP-T1-3_k127_932680_1,1797
RP-T1-3_k127_932680_2,3363
RP-T1-3_k127_932680_3,3333
RP-T1-3_k127_932680_4,1779
RP-T1-3_k127_932680_5,930
RP-T1-3_k127_932680_6,1284
RP-T1-3_k127_932680_7,1158
RP-T1-3_k127_932680_8,1905
RP-T1-3_k127_932680_9,522
RP-T1-3_k127_932680_10,579
RP-T1-3_k127_932680_11,528
RP-T1-3_k127_932680_12,363
RP-T1-3_k127_932680_13,591
RP-T1-3_k127_779174_1,993
RP-T1-3_k127_779174_2,960
RP-T1-3_k127_779174_3,333
RP-T1-3_k127_779174_4,384
RP-T1-3_k127_779174_5,666
RP-T1-3_k127_779174_6,393
RP-T1-3_k127_779174_7,903
RP-T1-3_k127_779174_8,243
RP-T1-3_k127_779174_9,471
RP-T1-3_k127_779174_10,372
RP-T1-3_k127_779174_11,213
RP-T1-3_k127_779174_12,309
RP-T1-6_k127_265696_1,5718
RP-T1-6_k127_265696_2,573
RP-T1-6_k127_265696_3,606
RP-T1-6_k127_265696_4,429
RP-T1-6_k127_265696_5,1965
RP-T1-6_k127_1963256_1,171
RP-T1-6_k127_1963256_2,1077
RP-T1-6_k127_1963256_3,456
RP-T1-6_k127_1963256_4,261
RP-T1-6_k127_1963256_5,474
RP-T1-6_k127_1963256_6,351
RP-T1-6_k127_1963256_7,1341
RP-T1-6_k127_1963256_8,405
RP-T1-6_k127_1963256_9,336
RP-T1-6_k127_1963256_10,324
RP-T1-6_k127_1963256_11,300
RP-T1-6_k127_1963256_12,1617
RP-T1-6_k127_1963256_13,489
RP-T1-6_k127_1963256_14,1149
RP-T1-6_k127_1963256_15,1563
RP-T1-6_k127_1963256_16,1482
RP-T1-6_k127_1963256_17,870
RP-T1-6_k127_1963256_18,813
RP-T1-6_k127_1963256_19,783
RP-T1-6_k127_1963256_20,1224
RP-T1-6_k127_1963256_21,435
RP-T1-6_k127_1963256_22,447
RP-T1-6_k127_1963256_23,441
RP-T1-6_k127_1963256_24,942
RP-T1-6_k127_1963256_25,336
RP-T1-6_k127_1963256_26,2151
RP-T1-6_k127_1963256_27,702
RP-T1-6_k127_1963256_28,660
RP-T1-6_k127_1963256_29,1359
RP-T1-6_k127_1963256_30,1281
RP-T1-6_k127_1963256_31,537
RP-T1-6_k127_1963256_32,642
RP-T1-6_k127_168662_23,732
RP-T1-6_k127_168662_26,798
RP-T1-6_k127_168662_27,831
RP-T1-6_k127_168662_28,1467
RP-T1-6_k127_168662_29,738
RP-T1-6_k127_168662_30,423
RP-T1-6_k127_1481604_1,483
RP-T1-6_k127_1481604_2,1146
RP-T1-6_k127_1481604_3,711
RP-T1-6_k127_1481604_4,402
RP-T1-6_k127_1481604_5,570
RP-T1-6_k127_1481604_6,2322
RP-T1-6_k127_1481604_7,351
RP-T1-6_k127_1481604_8,294
RP-T1-6_k127_1481604_9,2043
RP-T1-6_k127_1481604_10,1191
RP-T1-6_k127_1481604_11,657
RP-T1-6_k127_1481604_12,1476
RP-T1-6_k127_1481604_13,450
RP-T1-6_k127_1481604_14,1557
RP-T1-6_k127_1481604_15,927
RP-T1-6_k127_910567_1,741
RP-T1-6_k127_910567_2,948
RP-T1-6_k127_910567_3,408
RP-T1-6_k127_910567_4,1494
RP-T1-6_k127_910567_5,1080
RP-T1-6_k127_910567_6,429
RP-T1-6_k127_910567_7,1803
RP-T1-6_k127_910567_8,402
RP-T1-6_k127_910567_9,801
RP-T1-6_k127_910567_10,774
RP-T1-6_k127_910567_11,102
RP-T1-6_k127_910567_12,159
SC-T1-3_k127_624816_10,1080
SC-T1-3_k127_624816_11,630
SC-T1-3_k127_624816_12,1509
SC-T1-3_k127_624816_13,1608
SC-T1-3_k127_624816_14,1041
SC-T1-3_k127_624816_15,2136
SC-T1-3_k127_624816_16,639
SC-T1-3_k127_624816_17,1503
SC-T1-3_k127_624816_18,207
SC-T1-3_k127_194424_1,861
SC-T1-3_k127_194424_2,663
SC-T1-3_k127_194424_3,894
SC-T1-3_k127_194424_4,615
SC-T1-3_k127_194424_5,753
SC-T1-3_k127_194424_6,825
SC-T1-3_k127_194424_7,423
SC-T1-3_k127_194424_8,1035
SC-T1-3_k127_194424_9,201
SC-T1-3_k127_194424_10,843
SC-T1-3_k127_194424_11,810
SC-T1-3_k127_194424_12,759
SC-T1-3_k127_194424_13,501
SC-T1-3_k127_194424_14,459
SC-T1-3_k127_194424_15,603
SC-T1-3_k127_194424_16,1230
SC-T1-3_k127_194424_17,897
SC-T1-3_k127_194424_18,516
SC-T1-3_k127_194424_19,201
SC-T1-3_k127_561981_1,1254
SC-T1-3_k127_561981_2,966
SC-T1-3_k127_561981_3,762
SC-T1-3_k127_561981_4,846
SC-T1-3_k127_561981_5,1245
UAB-T1-9_k127_120282_4,996
UAB-T1-9_k127_120282_5,1098
UAB-T1-9_k127_120282_6,921
UAB-T1-9_k127_120282_7,675
UAB-T1-9_k127_120282_8,1638
UAB-T1-9_k127_120282_9,189
SC-T1-3_k127_822506_1,153
SC-T1-3_k127_822506_2,468
SC-T1-3_k127_822506_3,1044
SC-T1-3_k127_822506_4,1026
SC-T1-3_k127_822506_5,624
SC-T1-3_k127_822506_6,1137
SC-T1-3_k127_822506_7,438
SC-T1-3_k127_822506_8,1074
SC-T1-3_k127_822506_9,687
SC-T1-3_k127_822506_10,537
SC-T1-3_k127_822506_11,2670
SC-T1-3_k127_822506_12,831
SC-T1-3_k127_822506_13,309
SC-T1-3_k127_822506_14,396
SC-T1-3_k127_822506_15,375
SC-T1-3_k127_822506_16,405
SC-T1-3_k127_822506_17,390
SC-T1-3_k127_822506_18,390
SC-T1-3_k127_822506_19,483
SC-T1-3_k127_822506_20,1104
SC-T1-3_k127_822506_21,984
SC-T1-3_k127_822506_22,1212
SC-T1-3_k127_234076_1,2601
SC-T1-3_k127_234076_2,174
SC-T1-3_k127_234076_3,1356
SC-T1-3_k127_234076_4,1197
SC-T1-3_k127_234076_5,1113
SC-T1-3_k127_234076_6,471
SC-T1-3_k127_234076_7,717
SC-T1-3_k127_234076_8,216
SC-T1-3_k127_234076_9,423
SC-T1-3_k127_234076_10,426
SC-T1-3_k127_234076_11,1059
SC-T1-3_k127_234076_12,1125
SC-T1-3_k127_234076_13,171
SC-T1-3_k127_234076_14,1557
SC-T1-3_k127_234076_15,300
SC-T1-3_k127_234076_16,357
SC-T1-3_k127_149557_1,1647
SC-T1-3_k127_149557_2,681
SC-T1-3_k127_149557_3,837
SC-T1-3_k127_149557_4,2241
SC-T1-3_k127_149557_5,1485
SC-T1-3_k127_149557_6,573
SC-T1-3_k127_149557_7,882
SC-T1-3_k127_149557_8,996
SC-T1-3_k127_601050_1,1320
SC-T1-3_k127_601050_2,246
SC-T1-3_k127_601050_3,189
SC-T1-3_k127_601050_4,615
SC-T1-3_k127_601050_5,810
SC-T1-3_k127_601050_6,522
SC-T1-3_k127_601050_7,399
SC-T1-3_k127_601050_8,531
SC-T1-3_k127_601050_9,219
SC-T1-3_k127_601050_10,1032
SC-T1-3_k127_601050_11,204
SC-T1-3_k127_601050_12,147
SC-T1-3_k127_601050_13,249
SC-T1-3_k127_601050_14,405
SC-T1-3_k127_601050_15,414
RP-T1-6_k127_1937782_14,537
RP-T1-6_k127_1937782_15,438
RP-T1-6_k127_1937782_16,309
RP-T1-6_k127_1937782_17,705
RP-T1-6_k127_1937782_18,684
RP-T1-6_k127_1937782_19,927
RP-T1-6_k127_1937782_20,372
RP-T1-6_k127_1937782_21,663
RP-T1-6_k127_1564523_1,1101
RP-T1-6_k127_1564523_2,1554
RP-T1-6_k127_1564523_3,1350
RP-T1-6_k127_1564523_4,321
RP-T1-6_k127_1564523_5,549
RP-T1-6_k127_1564523_6,1563
RP-T1-6_k127_1564523_7,930
RP-T1-6_k127_1564523_8,1065
RP-T1-6_k127_1564523_9,1560
RP-T1-6_k127_1564523_10,744
RP-T1-6_k127_1564523_11,240
RP-T1-6_k127_879985_1,177
RP-T1-6_k127_879985_2,1158
RP-T1-6_k127_879985_3,780
RP-T1-6_k127_879985_4,906
RP-T1-6_k127_879985_5,237
RP-T1-6_k127_879985_6,255
RP-T1-6_k127_879985_7,1119
RP-T1-6_k127_879985_8,762
RP-T1-6_k127_879985_9,294
RP-T1-6_k127_879985_10,990
RP-T1-6_k127_879985_11,627
RP-T1-6_k127_879985_12,129
RP-T1-6_k127_879985_13,252
RP-T1-6_k127_879985_14,384
RP-T1-6_k127_879985_15,1095
RP-T1-6_k127_879985_16,417
RP-T1-6_k127_879985_17,402
RP-T1-6_k127_879985_18,642
RP-T1-6_k127_879985_19,2274
RP-T1-6_k127_1070240_1,522
RP-T1-6_k127_1070240_2,630
RP-T1-6_k127_1070240_3,471
RP-T1-6_k127_1070240_4,858
RP-T1-6_k127_1070240_5,291
RP-T1-6_k127_1070240_6,714
RP-T1-6_k127_1070240_7,1791
RP-T1-6_k127_1070240_8,1344
RP-T1-6_k127_1070240_9,1290
RP-T1-6_k127_1070240_10,1533
RP-T1-6_k127_1070240_11,2283
RP-T1-6_k127_1070240_12,915
RP-T1-6_k127_1070240_13,216
RP-T1-9_k127_51165_21,594
RP-T1-9_k127_51165_22,666
RP-T1-9_k127_94720_1,342
RP-T1-9_k127_94720_12,504
RP-T1-9_k127_94720_13,285
RP-T1-9_k127_94720_14,753
RP-T1-9_k127_94720_15,1131
RP-T1-9_k127_94720_16,1194
RP-T1-9_k127_1065132_1,696
RP-T1-9_k127_1065132_2,1098
RP-T1-9_k127_1065132_3,372
RP-T1-9_k127_1065132_4,495
RP-T1-9_k127_1065132_5,588
RP-T1-9_k127_1065132_6,636
RP-T1-9_k127_1065132_7,672
RP-T1-9_k127_1065132_8,2319
RP-T1-9_k127_1065132_9,600
RP-T1-9_k127_1065132_10,1179
RP-T1-9_k127_91681_1,687
RP-T1-9_k127_91681_2,609
RP-T1-9_k127_91681_3,1407
RP-T1-9_k127_91681_4,651
RP-T1-9_k127_91681_5,315
RP-T1-9_k127_91681_6,459
RP-T1-9_k127_91681_7,480
RP-T1-9_k127_91681_8,264
RP-T1-9_k127_91681_9,477
RP-T1-9_k127_91681_10,561
RP-T1-9_k127_91681_11,279
RP-T1-9_k127_91681_12,219
RP-T1-9_k127_91681_13,339
RP-T1-9_k127_91681_14,744
RP-T1-9_k127_91681_15,150
RP-T1-9_k127_91681_16,264
RP-T1-9_k127_91681_17,843
SC-T1-3_k127_31676_1,639
SC-T1-3_k127_31676_2,816
SC-T1-3_k127_31676_3,618
SC-T1-3_k127_31676_4,1860
SC-T1-3_k127_31676_5,417
SC-T1-3_k127_31676_6,1572
SC-T1-3_k127_31676_7,243
SC-T1-3_k127_31676_8,3402
SC-T1-3_k127_634_1,378
SC-T1-3_k127_634_2,315
SC-T1-3_k127_634_3,336
SC-T1-3_k127_634_4,264
SC-T1-3_k127_634_5,423
SC-T1-3_k127_634_6,180
SC-T1-3_k127_634_7,270
SC-T1-3_k127_634_8,375
SC-T1-3_k127_634_9,432
SC-T1-3_k127_634_10,174
SC-T1-3_k127_634_11,249
SC-T1-3_k127_634_12,273
SC-T1-3_k127_634_13,123
SC-T1-3_k127_634_14,585
SC-T1-3_k127_634_15,771
SC-T1-3_k127_634_16,450
SC-T1-3_k127_634_17,888
SC-T1-3_k127_634_18,792
SC-T1-3_k127_634_19,168
SC-T1-3_k127_634_20,126
SC-T1-3_k127_634_21,987
SC-T1-3_k127_823076_1,576
SC-T1-3_k127_823076_2,447
SC-T1-3_k127_823076_3,591
SC-T1-3_k127_823076_4,312
SC-T1-3_k127_823076_5,708
SC-T1-3_k127_823076_6,243
SC-T1-3_k127_823076_7,270
SC-T1-3_k127_823076_8,330
SC-T1-3_k127_823076_9,432
SC-T1-3_k127_823076_10,204
SC-T1-3_k127_823076_11,306
SC-T1-3_k127_823076_12,552
SC-T1-3_k127_823076_13,618
SC-T1-3_k127_823076_14,342
SC-T1-3_k127_823076_15,138
SC-T1-3_k127_734542_1,1950
SC-T1-3_k127_734542_2,912
SC-T1-3_k127_734542_3,8913
SC-T1-3_k127_177542_5,2544
SC-T1-3_k127_177542_6,306
SC-T1-3_k127_177542_7,840
SC-T1-3_k127_177542_8,240
SC-T1-3_k127_177542_9,909
SC-T1-3_k127_177542_10,666
SC-T1-3_k127_177542_11,1233
SC-T1-3_k127_177542_12,1236
SC-T1-3_k127_344036_1,1182
SC-T1-3_k127_344036_2,1632
SC-T1-3_k127_344036_3,1545
SC-T1-3_k127_344036_4,2145
SC-T1-3_k127_344036_5,1893
SC-T1-3_k127_344036_6,1524
SC-T1-3_k127_344036_7,369
SC-T1-3_k127_344036_8,1572
SC-T1-3_k127_85119_1,393
SC-T1-3_k127_85119_2,939
SC-T1-3_k127_85119_3,774
SC-T1-3_k127_85119_4,186
SC-T1-3_k127_85119_5,234
SC-T1-3_k127_85119_6,267
SC-T1-3_k127_85119_7,393
SC-T1-3_k127_85119_8,294
SC-T1-3_k127_85119_9,1098
SC-T1-3_k127_85119_10,1158
SC-T1-3_k127_85119_11,426
SC-T1-3_k127_85119_12,753
SC-T1-3_k127_85119_13,306
SC-T1-3_k127_85119_14,444
SC-T1-3_k127_85119_15,156
SC-T1-3_k127_85119_16,477
SC-T1-3_k127_670092_1,351
SC-T1-3_k127_670092_2,303
SC-T1-3_k127_670092_3,222
SC-T1-3_k127_670092_4,294
SC-T1-3_k127_670092_5,525
SC-T1-3_k127_670092_6,195
SC-T1-3_k127_670092_7,1488
SC-T1-3_k127_670092_8,318
SC-T1-3_k127_670092_9,405
SC-T1-3_k127_670092_10,1026
SC-T1-3_k127_670092_11,1812
SC-T1-3_k127_670092_12,147
SC-T1-3_k127_868660_1,450
SC-T1-3_k127_868660_2,1140
SC-T1-3_k127_868660_3,867
SC-T1-3_k127_868660_4,3228
SC-T1-3_k127_868660_5,2796
SC-T1-3_k127_868660_6,2913
SC-T1-3_k127_255237_1,621
SC-T1-3_k127_255237_2,2037
SC-T1-3_k127_255237_3,600
SC-T1-3_k127_255237_4,549
SC-T1-3_k127_255237_5,915
SC-T1-3_k127_255237_6,933
SC-T1-3_k127_255237_7,1485
SC-T1-3_k127_255237_8,714
SC-T1-3_k127_255237_9,432
SC-T1-3_k127_255237_10,558
SC-T1-3_k127_255237_11,300
SC-T1-3_k127_255237_12,1110
SC-T1-3_k127_255237_13,846
SC-T1-3_k127_255237_14,702
SC-T1-3_k127_255237_15,228
SC-T1-3_k127_255237_16,279
SC-T1-3_k127_255237_17,651
SC-T1-3_k127_601050_16,234
SC-T1-3_k127_601050_17,609
SC-T1-3_k127_601050_18,90
SC-T1-3_k127_601050_19,261
SC-T1-3_k127_786452_1,150
SC-T1-3_k127_786452_2,234
SC-T1-3_k127_786452_3,228
SC-T1-3_k127_786452_4,540
SC-T1-3_k127_786452_5,1209
SC-T1-3_k127_786452_6,762
SC-T1-3_k127_786452_7,420
SC-T1-3_k127_786452_8,591
SC-T1-3_k127_786452_9,1617
SC-T1-3_k127_786452_10,474
SC-T1-3_k127_786452_11,546
SC-T1-3_k127_786452_12,648
SC-T1-3_k127_786452_13,186
SC-T1-3_k127_786452_14,1032
SC-T1-3_k127_1079232_1,936
SC-T1-3_k127_1079232_2,939
SC-T1-3_k127_1079232_3,312
SC-T1-3_k127_1079232_4,171
SC-T1-3_k127_1079232_5,828
SC-T1-3_k127_1079232_6,1554
SC-T1-3_k127_1079232_7,456
SC-T1-3_k127_1079232_8,318
SC-T1-3_k127_1079232_9,897
SC-T1-3_k127_1079232_10,765
SC-T1-3_k127_1079232_11,138
SC-T1-3_k127_1079232_12,639
SC-T1-3_k127_1079232_13,1059
SC-T1-3_k127_1079232_14,348
SC-T1-3_k127_1079232_15,186
SC-T1-3_k127_1079232_16,558
SC-T1-3_k127_1079232_17,492
SC-T1-3_k127_1079232_18,1260
SC-T1-3_k127_1079232_19,348
SC-T1-3_k127_1079232_20,909
SC-T1-3_k127_1079232_21,990
HP-T1-6_k127_294656_2,2235
HP-T1-6_k127_294656_3,390
HP-T1-6_k127_294656_4,2757
HP-T1-6_k127_294656_5,621
HP-T1-6_k127_294656_6,327
HP-T1-6_k127_294656_7,2367
HP-T1-6_k127_294656_8,1140
HP-T1-6_k127_294656_9,1152
HP-T1-6_k127_294656_10,3393
HP-T1-6_k127_294656_11,2802
HP-T1-6_k127_294656_12,810
HP-T1-6_k127_294656_13,3003
HP-T1-6_k127_294656_14,588
HP-T1-6_k127_294656_15,900
HP-T1-6_k127_294656_16,435
HP-T1-6_k127_294656_17,894
HP-T1-6_k127_294656_18,939
HP-T1-6_k127_294656_19,1734
HP-T1-6_k127_294656_20,5082
HP-T1-6_k127_294656_21,213
HP-T1-6_k127_294656_22,1446
HP-T1-6_k127_294656_23,4095
HP-T1-6_k127_294656_24,1458
HP-T1-6_k127_294656_25,783
HP-T1-6_k127_294656_26,2466
HP-T1-6_k127_294656_27,777
HP-T1-6_k127_294656_28,471
HP-T1-6_k127_294656_29,357
HP-T1-6_k127_294656_30,783
HP-T1-6_k127_294656_31,3075
HP-T1-6_k127_294656_32,3570
HP-T1-6_k127_294656_33,225
HP-T1-6_k127_294656_34,987
HP-T1-6_k127_294656_35,486
HP-T1-6_k127_294656_36,225
HP-T1-6_k127_294656_37,144
HP-T1-6_k127_294656_38,507
HP-T1-6_k127_294656_39,495
HP-T1-6_k127_294656_40,3126
HP-T1-6_k127_294656_41,1728
HP-T1-6_k127_294656_42,993
HP-T1-6_k127_294656_43,930
HP-T1-6_k127_294656_44,765
HP-T1-6_k127_294656_45,828
HP-T1-6_k127_294656_46,327
HP-T1-6_k127_294656_47,1239
HP-T1-6_k127_294656_48,1860
HP-T1-6_k127_294656_49,138
HP-T1-6_k127_294656_50,210
HP-T1-6_k127_294656_51,375
HP-T1-6_k127_294656_52,414
HP-T1-6_k127_294656_53,963
HP-T1-6_k127_294656_54,2259
HP-T1-6_k127_294656_55,195
HP-T1-6_k127_294656_56,351
HP-T1-6_k127_294656_57,357
HP-T1-6_k127_294656_58,162
HP-T1-6_k127_294656_59,471
HP-T1-6_k127_294656_60,276
HP-T1-6_k127_294656_61,324
HP-T1-6_k127_294656_62,1026
SC-T1-3_k127_632660_2,456
SC-T1-3_k127_632660_3,690
SC-T1-3_k127_632660_4,351
SC-T1-3_k127_632660_5,540
SC-T1-3_k127_632660_6,354
SC-T1-3_k127_632660_7,339
SC-T1-3_k127_632660_8,1257
SC-T1-3_k127_632660_9,771
SC-T1-3_k127_632660_10,222
SC-T1-3_k127_632660_11,669
SC-T1-3_k127_632660_12,1497
SC-T1-3_k127_632660_13,522
SC-T1-3_k127_632660_14,777
SC-T1-3_k127_632660_15,504
SC-T1-3_k127_612414_1,462
SC-T1-3_k127_612414_2,186
SC-T1-3_k127_612414_3,1320
SC-T1-3_k127_612414_4,1125
SC-T1-3_k127_612414_5,345
SC-T1-3_k127_612414_6,1605
SC-T1-3_k127_612414_7,867
SC-T1-3_k127_612414_8,411
SC-T1-3_k127_612414_9,117
SC-T1-3_k127_612414_10,3267
SC-T1-3_k127_612414_11,1230
SC-T1-3_k127_612414_12,1392
SC-T1-3_k127_612414_13,234
SC-T1-3_k127_612414_14,435
SC-T1-3_k127_612414_15,876
SC-T1-3_k127_740408_1,786
SC-T1-3_k127_740408_2,1809
SC-T1-3_k127_740408_3,873
SC-T1-3_k127_740408_4,720
SC-T1-3_k127_740408_5,867
SC-T1-3_k127_740408_6,2757
SC-T1-3_k127_740408_7,441
SC-T1-3_k127_740408_8,252
SC-T1-3_k127_740408_9,735
HP-T1-6_k127_183432_78,1308
HP-T1-6_k127_183432_79,336
HP-T1-6_k127_183432_80,855
HP-T1-6_k127_183432_81,555
HP-T1-6_k127_183432_82,1164
HP-T1-6_k127_183432_83,1083
HP-T1-6_k127_183432_84,1494
HP-T1-6_k127_183432_85,216
HP-T1-6_k127_183432_86,438
HP-T1-6_k127_183432_87,387
HP-T1-6_k127_183432_88,588
HP-T1-6_k127_183432_89,954
HP-T1-6_k127_183432_90,1506
HP-T1-6_k127_183432_91,1587
HP-T1-6_k127_183432_92,924
HP-T1-6_k127_183432_93,942
HP-T1-6_k127_183432_94,441
HP-T1-6_k127_183432_95,399
HP-T1-6_k127_183432_96,903
HP-T1-6_k127_183432_97,531
HP-T1-6_k127_183432_98,960
HP-T1-6_k127_183432_99,339
HP-T1-6_k127_183432_100,7347
HP-T1-6_k127_183432_101,996
HP-T1-6_k127_183432_102,1440
HP-T1-6_k127_183432_103,912
HP-T1-6_k127_183432_104,177
HP-T1-6_k127_183432_105,396
HP-T1-6_k127_183432_106,474
HP-T1-6_k127_183432_107,231
HP-T1-6_k127_183432_108,504
HP-T1-6_k127_183432_109,774
HP-T1-6_k127_183432_110,354
HP-T1-6_k127_183432_111,801
HP-T1-6_k127_183432_112,138
HP-T1-6_k127_183432_113,426
HP-T1-6_k127_183432_114,249
HP-T1-6_k127_183432_115,1572
HP-T1-6_k127_183432_116,831
HP-T1-6_k127_183432_117,1257
HP-T1-6_k127_183432_118,231
HP-T1-6_k127_183432_119,192
HP-T1-6_k127_183432_120,405
HP-T1-6_k127_183432_121,1293
HP-T1-6_k127_183432_122,726
HP-T1-6_k127_183432_123,894
HP-T1-6_k127_183432_124,390
HP-T1-6_k127_183432_125,714
HP-T1-6_k127_183432_126,789
HP-T1-6_k127_183432_127,483
HP-T1-6_k127_183432_128,1782
HP-T1-6_k127_183432_129,519
HP-T1-6_k127_183432_130,327
HP-T1-6_k127_183432_131,258
HP-T1-6_k127_183432_132,432
HP-T1-6_k127_183432_133,228
HP-T1-6_k127_183432_134,345
HP-T1-6_k127_183432_135,639
HP-T1-6_k127_183432_136,471
HP-T1-6_k127_183432_137,273
HP-T1-6_k127_183432_138,240
HP-T1-6_k127_183432_139,213
HP-T1-6_k127_183432_140,237
HP-T1-6_k127_183432_141,228
HP-T1-6_k127_183432_142,171
HP-T1-6_k127_183432_143,216
HP-T1-6_k127_183432_144,198
HP-T1-6_k127_183432_145,408
HP-T1-6_k127_183432_146,234
HP-T1-6_k127_183432_147,300
HP-T1-6_k127_183432_148,330
HP-T1-6_k127_183432_149,1173
HP-T1-6_k127_183432_150,1599
HP-T1-6_k127_183432_151,1272
HP-T1-6_k127_183432_152,1251
HP-T1-6_k127_183432_153,618
HP-T1-6_k127_183432_154,591
HP-T1-6_k127_183432_155,1644
HP-T1-6_k127_183432_156,513
HP-T1-6_k127_183432_157,1062
HP-T1-6_k127_183432_158,1680
HP-T1-6_k127_183432_159,2301
HP-T1-6_k127_183432_160,360
HP-T1-6_k127_183432_161,1938
HP-T1-6_k127_183432_162,588
HP-T1-6_k127_183432_163,2070
HP-T1-6_k127_183432_164,840
HP-T1-6_k127_183432_165,1860
HP-T1-6_k127_183432_166,786
HP-T1-6_k127_183432_167,1032
HP-T1-6_k127_183432_168,723
HP-T1-6_k127_183432_169,2787
HP-T1-6_k127_183432_170,546
HP-T1-6_k127_183432_171,168
HP-T1-6_k127_183432_172,303
HP-T1-6_k127_183432_173,504
HP-T1-6_k127_183432_174,303
HP-T1-6_k127_183432_175,186
HP-T1-6_k127_183432_176,450
HP-T1-6_k127_294656_1,1524
HP-T1-6_k127_294656_63,342
HP-T1-6_k127_294656_64,1356
HP-T1-6_k127_294656_65,702
HP-T1-6_k127_294656_66,477
HP-T1-6_k127_294656_67,915
HP-T1-6_k127_294656_68,507
HP-T1-6_k127_294656_69,495
HP-T1-6_k127_294656_70,1752
HP-T1-6_k127_294656_71,918
HP-T1-6_k127_294656_72,753
HP-T1-6_k127_294656_73,2658
HP-T1-6_k127_294656_74,1512
HP-T1-6_k127_294656_75,3450
HP-T1-6_k127_605466_1,984
HP-T1-6_k127_605466_2,450
HP-T1-6_k127_605466_3,1992
HP-T1-6_k127_605466_4,1740
HP-T1-6_k127_605466_5,780
HP-T1-6_k127_605466_6,438
HP-T1-6_k127_605466_7,546
HP-T1-6_k127_605466_8,522
HP-T1-6_k127_605466_9,252
HP-T1-6_k127_605466_10,654
HP-T1-6_k127_605466_11,1062
HP-T1-6_k127_605466_12,282
HP-T1-6_k127_605466_13,324
HP-T1-6_k127_605466_14,222
HP-T1-6_k127_605466_15,249
HP-T1-6_k127_989397_1,1488
HP-T1-6_k127_989397_2,768
HP-T1-6_k127_989397_3,681
HP-T1-6_k127_989397_4,960
HP-T1-6_k127_989397_5,624
HP-T1-6_k127_989397_6,3531
HP-T1-6_k127_989397_7,348
HP-T1-6_k127_989397_8,207
HP-T1-6_k127_989397_9,1113
HP-T1-6_k127_989397_10,150
SC-T1-3_k127_561981_6,213
SC-T1-3_k127_561981_7,267
SC-T1-3_k127_561981_8,198
SC-T1-3_k127_561981_9,945
SC-T1-3_k127_561981_10,1164
SC-T1-3_k127_561981_11,777
SC-T1-3_k127_561981_12,1002
SC-T1-3_k127_561981_13,1245
SC-T1-3_k127_561981_14,951
SC-T1-3_k127_561981_15,918
SC-T1-3_k127_561981_16,981
SC-T1-3_k127_561981_17,579
SC-T1-3_k127_561981_18,1491
SC-T1-3_k127_561981_19,1218
SC-T1-3_k127_561981_20,162
SC-T1-3_k127_213245_1,591
SC-T1-3_k127_213245_2,225
SC-T1-3_k127_213245_3,924
SC-T1-3_k127_213245_4,558
SC-T1-3_k127_213245_5,945
SC-T1-3_k127_213245_6,594
SC-T1-3_k127_213245_7,783
SC-T1-3_k127_213245_8,936
SC-T1-3_k127_213245_9,975
SC-T1-3_k127_213245_10,1002
SC-T1-3_k127_213245_11,2148
SC-T1-3_k127_213245_12,228
SC-T1-3_k127_213245_13,210
SC-T1-3_k127_985991_1,240
SC-T1-3_k127_985991_2,1296
SC-T1-3_k127_985991_3,702
SC-T1-3_k127_985991_4,1719
SC-T1-3_k127_985991_5,861
SC-T1-3_k127_985991_6,1188
SC-T1-3_k127_985991_7,816
SC-T1-3_k127_985991_8,975
SC-T1-3_k127_985991_9,1395
SC-T1-3_k127_1057698_1,222
SC-T1-3_k127_1057698_2,1035
SC-T1-3_k127_1057698_3,129
SC-T1-3_k127_1057698_4,297
SC-T1-3_k127_1057698_5,408
SC-T1-3_k127_1057698_6,480
SC-T1-3_k127_1057698_7,489
SC-T1-3_k127_1057698_8,669
SC-T1-3_k127_1057698_9,966
SC-T1-3_k127_1057698_10,735
SC-T1-3_k127_1057698_11,1344
SC-T1-3_k127_1057698_12,516
SC-T1-3_k127_1057698_13,801
SC-T1-3_k127_1057698_14,867
SC-T1-3_k127_1057698_15,753
SC-T1-3_k127_1057698_16,651
SC-T1-3_k127_1057698_17,729
SC-T1-3_k127_1057698_18,531
SC-T1-3_k127_1057698_19,774
SC-T1-3_k127_1057698_20,768
SC-T1-3_k127_1057698_21,570
SC-T1-3_k127_1057698_22,618
SC-T1-3_k127_1057698_23,786
SC-T1-3_k127_1057698_24,1344
SC-T1-3_k127_632660_1,603
SC-T1-3_k127_255237_18,270
SC-T1-3_k127_255237_19,366
SC-T1-3_k127_255237_20,855
SC-T1-3_k127_255237_21,483
SC-T1-3_k127_255237_22,1899
SC-T1-3_k127_567707_1,549
SC-T1-3_k127_567707_2,1566
SC-T1-3_k127_567707_3,1173
SC-T1-3_k127_567707_4,492
SC-T1-3_k127_567707_5,417
SC-T1-3_k127_567707_6,306
SC-T1-3_k127_567707_7,366
SC-T1-3_k127_567707_8,264
SC-T1-3_k127_567707_9,297
SC-T1-3_k127_567707_10,333
SC-T1-3_k127_567707_11,1035
SC-T1-3_k127_567707_12,1488
SC-T1-3_k127_567707_13,270
SC-T1-3_k127_567707_14,492
SC-T1-3_k127_567707_15,525
SC-T1-3_k127_567707_16,633
SC-T1-3_k127_492331_1,312
SC-T1-3_k127_492331_2,624
SC-T1-3_k127_492331_3,1401
SC-T1-3_k127_492331_4,1194
SC-T1-3_k127_492331_5,147
SC-T1-3_k127_492331_6,774
SC-T1-3_k127_492331_7,435
SC-T1-3_k127_492331_8,882
SC-T1-3_k127_492331_9,390
SC-T1-3_k127_492331_10,813
SC-T1-3_k127_492331_11,417
SC-T1-3_k127_492331_12,2211
SC-T1-3_k127_296696_9,753
SC-T1-3_k127_296696_10,951
SC-T1-3_k127_296696_11,381
SC-T1-3_k127_296696_12,1005
SC-T1-3_k127_296696_13,267
SC-T1-3_k127_296696_14,501
SC-T1-3_k127_441408_1,714
SC-T1-3_k127_441408_2,1137
SC-T1-3_k127_441408_3,1536
SC-T1-3_k127_441408_4,768
SC-T1-3_k127_441408_5,1056
SC-T1-3_k127_441408_6,1053
SC-T1-3_k127_441408_7,687
SC-T1-3_k127_441408_8,729
SC-T1-3_k127_441408_9,984
SC-T1-3_k127_441408_10,471
SC-T1-3_k127_441408_11,204
SC-T1-3_k127_441408_12,978
SC-T1-3_k127_441408_13,468
SC-T1-3_k127_427912_1,111
SC-T1-3_k127_427912_2,969
SC-T1-3_k127_427912_3,810
SC-T1-3_k127_427912_4,825
SC-T1-3_k127_427912_5,1734
SC-T1-3_k127_427912_6,624
SC-T1-3_k127_427912_7,645
SC-T1-3_k127_427912_8,747
SC-T1-3_k127_427912_9,393
SC-T1-3_k127_427912_10,1215
SC-T1-3_k127_427912_11,879
SC-T1-3_k127_427912_12,849
SC-T1-3_k127_427912_13,942
SC-T1-3_k127_427912_14,876
SC-T1-3_k127_427912_15,147
SC-T1-3_k127_427912_16,1230
SC-T1-3_k127_427912_17,315
SC-T1-3_k127_427912_18,420
SC-T1-3_k127_690132_1,2313
SC-T1-3_k127_690132_2,1170
SC-T1-3_k127_690132_3,1515
SC-T1-3_k127_690132_4,2526
SC-T1-3_k127_690132_5,864
SC-T1-3_k127_690132_6,1401
SC-T1-3_k127_690132_7,1041
SC-T1-3_k127_690132_8,933
SC-T1-3_k127_690132_9,1809
SC-T1-3_k127_690132_10,1041
SC-T1-3_k127_163043_1,807
SC-T1-3_k127_163043_2,1209
SC-T1-3_k127_163043_3,645
SC-T1-3_k127_163043_4,723
SC-T1-3_k127_163043_5,903
SC-T1-3_k127_163043_6,1713
SC-T1-3_k127_163043_7,951
SC-T1-3_k127_163043_8,1233
SC-T1-3_k127_163043_9,915
SC-T1-3_k127_163043_10,735
SC-T1-3_k127_163043_11,834
SC-T1-3_k127_624816_1,618
SC-T1-3_k127_624816_2,1350
SC-T1-3_k127_624816_3,432
SC-T1-3_k127_624816_4,1389
SC-T1-3_k127_624816_5,192
SC-T1-3_k127_624816_6,1137
SC-T1-3_k127_624816_7,591
SC-T1-3_k127_624816_8,522
SC-T1-3_k127_624816_9,723
HP-T1-9_k127_883720_9,2010
HP-T1-9_k127_883720_10,1206
HP-T1-9_k127_883720_11,3021
HP-T1-9_k127_883720_12,672
HP-T1-9_k127_883720_13,381
HP-T1-9_k127_92795_1,663
HP-T1-9_k127_92795_2,849
HP-T1-9_k127_92795_3,114
HP-T1-9_k127_92795_4,246
HP-T1-9_k127_92795_5,1368
HP-T1-9_k127_92795_6,237
HP-T1-9_k127_92795_7,387
HP-T1-9_k127_92795_8,1038
HP-T1-9_k127_92795_9,1809
HP-T1-9_k127_92795_10,4680
HP-T1-9_k127_92795_11,3201
HP-T1-9_k127_92795_12,5010
HP-T1-9_k127_92795_13,3555
HP-T1-9_k127_92795_14,1617
HP-T1-9_k127_92795_15,804
HP-T1-9_k127_434091_1,2382
HP-T1-9_k127_434091_2,3417
HP-T1-9_k127_434091_3,270
HP-T1-9_k127_434091_4,516
HP-T1-9_k127_434091_5,1494
HP-T1-9_k127_434091_6,891
HP-T1-9_k127_434091_7,1059
HP-T1-9_k127_434091_8,897
HP-T1-9_k127_434091_9,1143
HP-T1-9_k127_434091_10,234
HP-T1-9_k127_434091_11,546
HP-T1-9_k127_434091_12,468
HP-T1-9_k127_434091_13,876
HP-T1-9_k127_434091_14,807
HP-T1-9_k127_734840_1,696
HP-T1-9_k127_734840_2,456
HP-T1-9_k127_734840_3,1089
HP-T1-9_k127_734840_4,1338
HP-T1-9_k127_734840_5,1086
HP-T1-9_k127_734840_6,3786
HP-T1-9_k127_734840_7,366
HP-T1-9_k127_734840_8,1080
HP-T1-9_k127_734840_9,447
HP-T1-9_k127_916697_1,369
HP-T1-9_k127_916697_2,333
HP-T1-9_k127_916697_3,636
HP-T1-9_k127_916697_4,1761
HP-T1-9_k127_916697_5,1779
HP-T1-9_k127_916697_6,1029
HP-T1-9_k127_916697_7,993
HP-T1-9_k127_916697_8,3480
HP-T1-9_k127_916697_9,288
HP-T1-9_k127_916697_10,546
HP-T1-9_k127_1031382_1,1506
HP-T1-9_k127_1031382_2,720
RC-T1-3_k127_32300_1,687
RC-T1-3_k127_32300_2,1083
RC-T1-3_k127_32300_3,324
RC-T1-3_k127_32300_4,231
RC-T1-3_k127_32300_5,2040
RC-T1-3_k127_32300_6,822
RC-T1-3_k127_32300_7,675
RC-T1-3_k127_32300_8,828
RC-T1-3_k127_32300_9,1668
RC-T1-3_k127_32300_10,369
RC-T1-3_k127_32300_11,3945
RC-T1-3_k127_32300_12,222
RC-T1-3_k127_542677_1,636
RC-T1-3_k127_542677_2,3261
RC-T1-3_k127_542677_3,270
RC-T1-3_k127_542677_4,150
RC-T1-3_k127_542677_5,1341
RC-T1-3_k127_542677_6,300
RC-T1-3_k127_542677_7,234
RC-T1-3_k127_542677_8,852
RC-T1-3_k127_542677_9,459
RC-T1-3_k127_542677_10,1167
RC-T1-3_k127_467705_1,615
RC-T1-3_k127_467705_2,1272
RC-T1-3_k127_467705_3,1755
RC-T1-3_k127_467705_4,1209
RC-T1-3_k127_467705_5,879
RC-T1-3_k127_467705_6,1473
RC-T1-3_k127_467705_7,624
RC-T1-3_k127_467705_8,297
RC-T1-3_k127_467705_9,618
RC-T1-3_k127_303971_1,879
RC-T1-3_k127_303971_2,510
RC-T1-3_k127_303971_3,192
RC-T1-3_k127_303971_4,906
RC-T1-3_k127_303971_5,234
RC-T1-3_k127_303971_6,288
RC-T1-3_k127_303971_7,381
RC-T1-3_k127_303971_8,891
RC-T1-3_k127_303971_9,1368
RC-T1-3_k127_303971_10,1365
RC-T1-3_k127_303971_11,834
RC-T1-3_k127_303971_12,363
RC-T1-3_k127_303971_13,1482
RC-T1-3_k127_303971_14,372
HP-T1-6_k127_989397_12,504
HP-T1-6_k127_989397_13,645
HP-T1-6_k127_50417_1,747
HP-T1-6_k127_50417_2,1164
HP-T1-6_k127_50417_3,1182
HP-T1-6_k127_50417_4,588
HP-T1-6_k127_50417_5,393
HP-T1-6_k127_50417_6,276
HP-T1-6_k127_50417_7,378
HP-T1-6_k127_50417_8,543
HP-T1-6_k127_50417_9,630
HP-T1-6_k127_50417_10,906
HP-T1-6_k127_50417_11,801
HP-T1-6_k127_50417_12,453
HP-T1-6_k127_181582_1,1890
HP-T1-6_k127_181582_2,909
HP-T1-6_k127_181582_3,180
HP-T1-6_k127_181582_4,768
HP-T1-6_k127_181582_5,144
HP-T1-6_k127_181582_6,306
HP-T1-6_k127_181582_7,1074
HP-T1-6_k127_181582_8,906
HP-T1-6_k127_181582_9,546
HP-T1-6_k127_181582_10,1083
HP-T1-6_k127_181582_11,588
HP-T1-6_k127_181582_12,1119
HP-T1-6_k127_181582_13,1203
HP-T1-6_k127_181582_14,1176
HP-T1-6_k127_181582_15,1389
HP-T1-6_k127_181582_16,1278
HP-T1-6_k127_181582_17,1272
HP-T1-6_k127_181582_18,183
HP-T1-6_k127_181582_19,2364
HP-T1-6_k127_181582_20,138
HP-T1-6_k127_181582_21,750
HP-T1-6_k127_181582_22,597
HP-T1-6_k127_181582_23,2982
HP-T1-6_k127_181582_24,594
HP-T1-6_k127_181582_25,261
HP-T1-6_k127_181582_26,927
HP-T1-6_k127_181582_27,1128
HP-T1-6_k127_816158_1,459
HP-T1-6_k127_816158_2,1083
HP-T1-6_k127_816158_3,381
HP-T1-6_k127_816158_4,735
HP-T1-6_k127_816158_5,318
HP-T1-6_k127_816158_6,1179
HP-T1-6_k127_816158_7,576
HP-T1-6_k127_816158_8,444
HP-T1-6_k127_816158_9,3135
HP-T1-6_k127_816158_10,402
HP-T1-6_k127_816158_11,840
HP-T1-6_k127_816158_12,495
HP-T1-6_k127_816158_13,1050
HP-T1-6_k127_918630_1,1740
HP-T1-6_k127_918630_2,1572
HP-T1-6_k127_918630_3,1230
HP-T1-6_k127_918630_4,819
HP-T1-6_k127_918630_5,1491
HP-T1-6_k127_918630_6,1680
HP-T1-6_k127_918630_7,1209
HP-T1-6_k127_918630_8,648
HP-T1-6_k127_918630_9,696
HP-T1-6_k127_918630_10,315
HP-T1-6_k127_918630_11,459
HP-T1-6_k127_918630_12,243
HP-T1-6_k127_918630_13,879
HP-T1-6_k127_918630_14,336
HP-T1-6_k127_918630_15,516
HP-T1-6_k127_918630_16,486
HP-T1-6_k127_918630_17,387
HP-T1-6_k127_918630_18,918
HP-T1-6_k127_918630_19,324
HP-T1-6_k127_918630_20,843
HP-T1-6_k127_918630_21,477
HP-T1-6_k127_918630_22,558
HP-T1-6_k127_918630_23,600
HP-T1-6_k127_918630_24,795
HP-T1-6_k127_918630_25,282
HP-T1-6_k127_410863_1,1026
HP-T1-6_k127_410863_2,165
HP-T1-6_k127_410863_3,297
HP-T1-6_k127_410863_4,597
HP-T1-6_k127_410863_5,711
HP-T1-6_k127_410863_6,255
HP-T1-6_k127_410863_7,675
HP-T1-6_k127_410863_8,429
HP-T1-6_k127_410863_9,1401
HP-T1-6_k127_410863_10,1239
HP-T1-6_k127_410863_11,336
HP-T1-6_k127_410863_12,426
HP-T1-6_k127_410863_13,408
HP-T1-6_k127_410863_14,183
HP-T1-6_k127_410863_15,423
HP-T1-6_k127_410863_16,561
HP-T1-6_k127_410863_17,480
HP-T1-6_k127_410863_18,255
HP-T1-6_k127_410863_19,726
HP-T1-6_k127_410863_20,162
HP-T1-6_k127_410863_21,1128
SC-T1-3_k127_561277_3,1860
SC-T1-3_k127_561277_4,3351
SC-T1-3_k127_561277_5,504
SC-T1-3_k127_561277_6,2190
SC-T1-3_k127_561277_7,324
SC-T1-3_k127_561277_8,759
SC-T1-3_k127_561277_9,504
SC-T1-3_k127_561277_10,681
SC-T1-3_k127_561277_11,321
SC-T1-3_k127_561277_12,1116
SC-T1-3_k127_561277_13,252
SC-T1-3_k127_561277_14,2673
SC-T1-3_k127_561277_15,2025
SC-T1-3_k127_246178_1,129
SC-T1-3_k127_246178_2,126
SC-T1-3_k127_246178_3,1194
SC-T1-3_k127_246178_4,678
SC-T1-3_k127_246178_5,648
SC-T1-3_k127_246178_6,942
SC-T1-3_k127_246178_7,240
SC-T1-3_k127_246178_8,201
SC-T1-3_k127_246178_9,489
SC-T1-3_k127_246178_10,252
SC-T1-3_k127_246178_11,321
SC-T1-3_k127_246178_12,99
SC-T1-3_k127_246178_13,891
SC-T1-3_k127_246178_14,204
SC-T1-3_k127_246178_15,768
SC-T1-3_k127_246178_16,1617
SC-T1-3_k127_246178_17,219
SC-T1-3_k127_246178_18,1188
SC-T1-3_k127_853096_1,1035
SC-T1-3_k127_853096_2,723
SC-T1-3_k127_853096_3,636
SC-T1-3_k127_853096_4,1317
SC-T1-3_k127_853096_5,297
SC-T1-3_k127_853096_6,249
SC-T1-3_k127_853096_7,315
SC-T1-3_k127_853096_8,348
SC-T1-3_k127_853096_9,789
SC-T1-3_k127_853096_10,180
SC-T1-3_k127_853096_11,1158
SC-T1-3_k127_853096_12,1068
SC-T1-3_k127_853096_13,381
SC-T1-3_k127_853096_14,1530
SC-T1-3_k127_853096_15,510
SC-T1-3_k127_853096_16,492
SC-T1-3_k127_853096_17,1836
SC-T1-3_k127_853096_18,1371
SC-T1-3_k127_853096_19,1230
SC-T1-3_k127_853096_20,822
SC-T1-3_k127_853096_21,159
SC-T1-3_k127_47800_1,507
SC-T1-6_k127_21126_14,987
SC-T1-6_k127_21126_15,258
SC-T1-6_k127_458071_1,231
SC-T1-6_k127_458071_2,201
SC-T1-6_k127_458071_3,843
SC-T1-6_k127_458071_4,1032
SC-T1-6_k127_458071_5,357
SC-T1-6_k127_458071_6,393
SC-T1-6_k127_458071_7,1176
SC-T1-6_k127_458071_8,732
SC-T1-6_k127_458071_9,591
SC-T1-6_k127_458071_10,1995
SC-T1-6_k127_458071_11,624
SC-T1-6_k127_458071_12,333
SC-T1-6_k127_458071_13,423
SC-T1-6_k127_458071_14,543
SC-T1-6_k127_458071_15,219
UAB-T1-6_k127_219235_1,1050
UAB-T1-6_k127_219235_2,1140
UAB-T1-6_k127_219235_3,585
UAB-T1-6_k127_219235_4,177
UAB-T1-6_k127_219235_5,3075
UAB-T1-6_k127_219235_6,426
UAB-T1-6_k127_219235_7,576
UAB-T1-6_k127_219235_8,264
UAB-T1-6_k127_219235_9,510
UAB-T1-6_k127_219235_10,423
UAB-T1-6_k127_219235_11,381
UAB-T1-6_k127_219235_12,429
UAB-T1-6_k127_130455_1,705
UAB-T1-6_k127_130455_2,1089
UAB-T1-6_k127_130455_3,1251
UAB-T1-6_k127_130455_4,852
UAB-T1-6_k127_130455_5,1194
UAB-T1-6_k127_130455_6,1251
UAB-T1-6_k127_130455_7,1236
UAB-T1-6_k127_130455_8,1230
UAB-T1-6_k127_130455_9,1140
UAB-T1-6_k127_130455_10,264
UAB-T1-6_k127_130455_11,501
UAB-T1-6_k127_130455_12,1752
UAB-T1-6_k127_130455_13,285
UAB-T1-6_k127_130455_14,2442
UAB-T1-6_k127_697090_1,846
UAB-T1-6_k127_697090_2,768
UAB-T1-6_k127_697090_3,765
UAB-T1-6_k127_697090_4,984
SC-T1-3_k127_501952_3,261
SC-T1-3_k127_501952_4,177
SC-T1-3_k127_501952_5,2370
SC-T1-3_k127_501952_6,531
SC-T1-3_k127_501952_7,345
SC-T1-3_k127_501952_8,669
SC-T1-3_k127_501952_9,1017
SC-T1-3_k127_501952_10,492
SC-T1-3_k127_501952_11,414
SC-T1-3_k127_501952_12,432
SC-T1-3_k127_501952_13,603
SC-T1-3_k127_501952_14,297
SC-T1-3_k127_501952_15,1080
SC-T1-3_k127_501952_16,1794
SC-T1-3_k127_501952_17,498
SC-T1-3_k127_501952_18,1146
SC-T1-3_k127_501952_19,1470
SC-T1-3_k127_501952_20,930
SC-T1-3_k127_501952_21,801
SC-T1-3_k127_501952_22,654
SC-T1-3_k127_501952_23,126
SC-T1-3_k127_501952_24,501
SC-T1-3_k127_501952_25,204
SC-T1-3_k127_501952_26,150
SC-T1-3_k127_501952_27,1032
SC-T1-3_k127_501952_28,834
SC-T1-3_k127_501952_29,741
SC-T1-3_k127_501952_30,1083
SC-T1-3_k127_501952_31,753
SC-T1-3_k127_501952_32,555
SC-T1-3_k127_501952_33,261
SC-T1-3_k127_501952_34,450
SC-T1-3_k127_501952_35,1191
SC-T1-3_k127_501952_36,504
SC-T1-3_k127_1110081_1,345
SC-T1-3_k127_1110081_2,750
SC-T1-3_k127_1110081_3,108
SC-T1-3_k127_1110081_4,453
SC-T1-3_k127_1110081_5,477
SC-T1-3_k127_1110081_6,399
SC-T1-3_k127_1110081_7,855
SC-T1-3_k127_1110081_8,720
SC-T1-3_k127_1110081_9,1242
SC-T1-3_k127_1110081_10,612
SC-T1-3_k127_1110081_11,585
SC-T1-3_k127_1110081_12,1188
SC-T1-3_k127_1110081_13,1269
SC-T1-3_k127_1110081_14,1272
SC-T1-3_k127_1110081_15,789
SC-T1-3_k127_1110081_16,402
SC-T1-3_k127_1110081_17,546
SC-T1-3_k127_1110081_18,1554
SC-T1-3_k127_1110081_19,534
SC-T1-3_k127_1110081_20,480
SC-T1-3_k127_1110081_21,486
SC-T1-3_k127_1110081_22,231
SC-T1-3_k127_1110081_23,480
SC-T1-3_k127_1110081_24,189
SC-T1-3_k127_1110081_25,363
SC-T1-3_k127_1110081_26,261
SC-T1-3_k127_1110081_27,855
SC-T1-3_k127_1110081_28,360
SC-T1-3_k127_1110081_29,522
SC-T1-3_k127_1110081_30,1080
SC-T1-3_k127_1110081_31,342
SC-T1-3_k127_1110081_32,198
SC-T1-3_k127_1110081_33,1362
SC-T1-3_k127_1110081_34,1368
SC-T1-3_k127_1110081_35,585
SC-T1-3_k127_1110081_36,186
SC-T1-3_k127_1110081_37,231
SC-T1-3_k127_1110081_38,1632
SC-T1-3_k127_1110081_39,354
SC-T1-3_k127_1110081_40,1575
SC-T1-3_k127_1110081_41,384
SC-T1-3_k127_1110081_42,222
SC-T1-3_k127_1110081_43,369
SC-T1-3_k127_1110081_44,333
SC-T1-3_k127_1110081_45,741
SC-T1-3_k127_1110081_46,2196
SC-T1-3_k127_1110081_47,1767
SC-T1-3_k127_1110081_48,1329
SC-T1-3_k127_1110081_49,1038
SC-T1-3_k127_1110081_50,213
SC-T1-3_k127_1110081_51,306
SC-T1-3_k127_177542_1,1218
SC-T1-3_k127_177542_2,2043
SC-T1-3_k127_177542_3,1581
SC-T1-3_k127_177542_4,486
SC-T1-3_k127_492331_13,306
SC-T1-3_k127_492331_14,966
SC-T1-3_k127_492331_15,384
SC-T1-3_k127_492331_16,642
SC-T1-3_k127_492331_17,1428
SC-T1-3_k127_492331_18,1173
SC-T1-3_k127_492331_19,384
SC-T1-3_k127_953376_1,1152
SC-T1-3_k127_953376_2,585
SC-T1-3_k127_953376_3,855
SC-T1-3_k127_953376_4,756
RP-T1-6_k127_431197_3,687
RP-T1-6_k127_431197_4,1527
RP-T1-6_k127_431197_5,366
RP-T1-6_k127_431197_6,1086
RP-T1-6_k127_431197_7,1065
RP-T1-6_k127_431197_8,537
RP-T1-6_k127_431197_9,1764
RP-T1-6_k127_431197_10,210
RP-T1-6_k127_431197_11,324
RP-T1-6_k127_431197_12,423
RP-T1-6_k127_431197_13,564
RP-T1-6_k127_431197_14,297
RP-T1-6_k127_1953393_1,231
RP-T1-6_k127_1953393_2,330
RP-T1-6_k127_1953393_3,204
RP-T1-6_k127_1953393_4,645
RP-T1-6_k127_1953393_5,618
RP-T1-6_k127_1953393_6,507
RP-T1-6_k127_1953393_7,1056
RP-T1-6_k127_1953393_8,285
RP-T1-6_k127_1953393_9,138
RP-T1-6_k127_1953393_10,930
RP-T1-6_k127_1953393_11,390
RP-T1-6_k127_1953393_12,1290
RP-T1-6_k127_1953393_13,2001
RP-T1-6_k127_1953393_14,921
RP-T1-6_k127_1953393_15,2451
RP-T1-6_k127_1114521_1,321
RP-T1-6_k127_1114521_2,1389
RP-T1-6_k127_1114521_3,1215
RP-T1-6_k127_1114521_4,1599
RP-T1-6_k127_1114521_5,1566
RP-T1-6_k127_1114521_6,2082
RP-T1-6_k127_1114521_17,627
RP-T1-6_k127_1114521_19,615
RP-T1-6_k127_1114521_20,1608
RP-T1-6_k127_1114521_21,2361
RP-T1-6_k127_1114521_22,603
RP-T1-6_k127_1114521_23,486
RP-T1-6_k127_487767_1,249
RP-T1-6_k127_487767_2,879
RP-T1-6_k127_487767_3,258
RP-T1-6_k127_487767_4,987
RP-T1-6_k127_487767_5,795
RP-T1-6_k127_487767_6,420
RP-T1-6_k127_487767_7,291
RP-T1-6_k127_487767_8,2427
RP-T1-6_k127_487767_9,765
RP-T1-6_k127_487767_10,315
RP-T1-6_k127_487767_11,201
RP-T1-6_k127_487767_12,891
RP-T1-6_k127_718646_1,483
RP-T1-6_k127_718646_2,1164
RP-T1-6_k127_718646_3,516
RP-T1-6_k127_718646_4,954
RP-T1-6_k127_718646_5,372
RP-T1-6_k127_718646_6,747
RP-T1-6_k127_718646_7,1293
RP-T1-6_k127_718646_8,519
RP-T1-6_k127_718646_9,960
RP-T1-6_k127_718646_10,270
RP-T1-6_k127_718646_11,1251
RP-T1-6_k127_718646_12,450
RP-T1-6_k127_718646_13,399
RP-T1-6_k127_718646_14,360
RP-T1-6_k127_718646_15,711
RP-T1-6_k127_718646_16,681
RP-T1-6_k127_689317_1,1518
RP-T1-6_k127_689317_2,1893
RP-T1-6_k127_689317_3,519
RP-T1-6_k127_689317_4,903
RP-T1-6_k127_689317_5,234
RP-T1-6_k127_689317_6,2604
RP-T1-6_k127_689317_7,1368
RP-T1-6_k127_689317_8,597
RP-T1-6_k127_689317_9,1959
RP-T1-6_k127_1937782_1,717
RP-T1-6_k127_1937782_2,582
RP-T1-6_k127_1937782_3,1158
RP-T1-6_k127_1937782_4,612
RP-T1-6_k127_1937782_5,495
RP-T1-6_k127_1937782_6,132
RP-T1-6_k127_1937782_7,324
RP-T1-6_k127_1937782_8,2364
RP-T1-6_k127_1937782_9,606
RP-T1-6_k127_1937782_10,486
RP-T1-6_k127_1937782_11,606
RP-T1-6_k127_1937782_12,237
RP-T1-6_k127_1937782_13,1221
SC-T1-3_k127_47800_2,552
SC-T1-3_k127_47800_3,1182
SC-T1-3_k127_47800_4,672
SC-T1-3_k127_47800_5,234
SC-T1-3_k127_47800_6,1047
SC-T1-3_k127_47800_7,1665
SC-T1-3_k127_47800_8,582
SC-T1-3_k127_47800_9,1404
SC-T1-3_k127_47800_10,366
SC-T1-3_k127_501952_1,1353
SC-T1-3_k127_501952_2,351
HP-T1-6_k127_532691_18,531
HP-T1-6_k127_532691_19,309
HP-T1-6_k127_532691_20,822
HP-T1-6_k127_532691_21,240
HP-T1-6_k127_532691_22,1185
HP-T1-6_k127_532691_23,849
HP-T1-6_k127_796044_1,327
HP-T1-6_k127_796044_2,441
HP-T1-6_k127_796044_3,168
HP-T1-6_k127_796044_4,585
HP-T1-6_k127_796044_5,927
HP-T1-6_k127_796044_6,1044
HP-T1-6_k127_796044_7,4329
HP-T1-6_k127_796044_8,285
HP-T1-6_k127_796044_9,114
HP-T1-6_k127_796044_10,315
HP-T1-6_k127_796044_11,2118
HP-T1-6_k127_796044_12,969
HP-T1-6_k127_796044_13,507
HP-T1-6_k127_796044_14,591
HP-T1-6_k127_796044_15,1110
HP-T1-6_k127_796044_16,3270
HP-T1-6_k127_796044_17,1149
HP-T1-6_k127_183432_1,843
HP-T1-6_k127_183432_2,828
HP-T1-6_k127_183432_3,861
HP-T1-6_k127_183432_4,555
HP-T1-6_k127_183432_5,1182
HP-T1-6_k127_183432_6,846
HP-T1-6_k127_183432_7,441
HP-T1-6_k127_183432_8,393
HP-T1-6_k127_183432_9,423
HP-T1-6_k127_183432_10,363
HP-T1-6_k127_183432_11,1206
HP-T1-6_k127_183432_12,507
HP-T1-6_k127_183432_13,564
HP-T1-6_k127_183432_14,1515
HP-T1-6_k127_183432_15,1062
HP-T1-6_k127_183432_16,828
HP-T1-6_k127_183432_17,1791
HP-T1-6_k127_183432_18,741
HP-T1-6_k127_183432_19,303
HP-T1-6_k127_183432_20,288
HP-T1-6_k127_183432_21,594
HP-T1-6_k127_183432_22,1305
HP-T1-6_k127_183432_23,270
HP-T1-6_k127_183432_24,594
HP-T1-6_k127_183432_25,756
HP-T1-6_k127_183432_26,441
HP-T1-6_k127_183432_27,306
HP-T1-6_k127_183432_28,690
HP-T1-6_k127_183432_29,627
HP-T1-6_k127_183432_30,282
HP-T1-6_k127_183432_31,2079
HP-T1-6_k127_183432_32,729
HP-T1-6_k127_183432_33,225
HP-T1-6_k127_183432_34,318
HP-T1-6_k127_183432_35,327
HP-T1-6_k127_183432_36,285
HP-T1-6_k127_183432_37,450
HP-T1-6_k127_183432_38,330
HP-T1-6_k127_183432_39,1938
HP-T1-6_k127_183432_40,372
HP-T1-6_k127_183432_41,645
HP-T1-6_k127_183432_42,1524
HP-T1-6_k127_183432_43,1170
HP-T1-6_k127_183432_44,360
HP-T1-6_k127_183432_45,978
HP-T1-6_k127_183432_46,1101
HP-T1-6_k127_183432_47,1263
HP-T1-6_k127_183432_48,483
HP-T1-6_k127_183432_49,519
HP-T1-6_k127_183432_50,339
HP-T1-6_k127_183432_51,4974
HP-T1-6_k127_183432_52,1032
HP-T1-6_k127_183432_53,489
HP-T1-6_k127_183432_54,1131
HP-T1-6_k127_183432_55,396
HP-T1-6_k127_183432_56,1212
HP-T1-6_k127_183432_57,906
HP-T1-6_k127_183432_58,2643
HP-T1-6_k127_183432_59,378
HP-T1-6_k127_183432_60,951
HP-T1-6_k127_183432_61,1416
HP-T1-6_k127_183432_62,270
HP-T1-6_k127_183432_63,408
HP-T1-6_k127_183432_64,399
HP-T1-6_k127_183432_65,1416
HP-T1-6_k127_183432_66,1140
HP-T1-6_k127_183432_67,609
HP-T1-6_k127_183432_68,1668
HP-T1-6_k127_183432_69,711
HP-T1-6_k127_183432_70,606
HP-T1-6_k127_183432_71,534
HP-T1-6_k127_183432_72,570
HP-T1-6_k127_183432_73,417
HP-T1-6_k127_183432_74,900
HP-T1-6_k127_183432_75,279
HP-T1-6_k127_183432_76,831
HP-T1-6_k127_183432_77,1371
RP-T1-6_k127_910567_13,492
RP-T1-6_k127_910567_14,1119
RP-T1-6_k127_910567_15,471
RP-T1-6_k127_910567_16,213
RP-T1-6_k127_910567_17,300
RP-T1-6_k127_910567_18,651
RP-T1-6_k127_1095453_1,435
RP-T1-6_k127_1095453_2,276
RP-T1-6_k127_1095453_3,831
RP-T1-6_k127_1095453_4,618
RP-T1-6_k127_1095453_5,555
RP-T1-6_k127_1095453_6,438
RP-T1-6_k127_1095453_7,597
RP-T1-6_k127_1095453_8,987
RP-T1-6_k127_1095453_9,1017
RP-T1-6_k127_1095453_10,393
RP-T1-6_k127_1095453_11,627
RP-T1-6_k127_1095453_12,777
RP-T1-6_k127_1095453_13,228
RP-T1-6_k127_1095453_14,291
RP-T1-6_k127_1095453_15,339
RP-T1-6_k127_1095453_16,246
RP-T1-6_k127_1095453_17,270
RP-T1-6_k127_1095453_18,294
RP-T1-6_k127_1095453_19,345
RP-T1-6_k127_1095453_20,1284
RP-T1-6_k127_2020785_1,2157
RP-T1-6_k127_2020785_2,1116
RP-T1-6_k127_2020785_3,513
RP-T1-6_k127_2020785_4,657
RP-T1-6_k127_2020785_5,654
RP-T1-6_k127_2020785_6,720
RP-T1-6_k127_2020785_7,612
RP-T1-6_k127_2020785_8,672
RP-T1-6_k127_2020785_9,768
RP-T1-6_k127_2020785_10,378
RP-T1-6_k127_2020785_11,555
RP-T1-6_k127_2020785_12,216
RP-T1-6_k127_1201713_1,300
RP-T1-6_k127_1201713_2,915
RP-T1-6_k127_1201713_3,618
RP-T1-6_k127_1201713_4,2676
RP-T1-6_k127_1201713_5,2376
RP-T1-6_k127_1201713_6,369
RP-T1-6_k127_1201713_7,294
RP-T1-6_k127_1201713_8,408
RP-T1-6_k127_1201713_9,1191
RP-T1-6_k127_1201713_10,804
RP-T1-6_k127_1201713_11,288
RP-T1-6_k127_1732072_1,309
RP-T1-6_k127_1732072_2,1212
RP-T1-6_k127_1732072_3,309
RP-T1-6_k127_1677154_1,306
RP-T1-6_k127_1677154_2,1548
RP-T1-6_k127_1677154_3,615
RP-T1-6_k127_1677154_4,1185
RP-T1-6_k127_1677154_5,942
RP-T1-6_k127_1677154_6,348
RP-T1-6_k127_1677154_7,960
RP-T1-6_k127_1677154_8,501
RP-T1-6_k127_1677154_9,1173
RP-T1-6_k127_1677154_10,138
RP-T1-6_k127_1677154_11,375
RP-T1-6_k127_1677154_12,162
RP-T1-6_k127_1677154_13,513
RP-T1-6_k127_1677154_14,777
RP-T1-6_k127_1677154_15,783
RP-T1-6_k127_1677154_16,378
RP-T1-6_k127_1677154_17,990
RP-T1-6_k127_243432_1,702
RP-T1-6_k127_243432_2,930
RP-T1-6_k127_243432_3,318
RP-T1-6_k127_243432_4,438
RP-T1-6_k127_243432_5,597
RP-T1-6_k127_243432_6,660
RP-T1-6_k127_243432_7,717
RP-T1-6_k127_243432_8,1011
RP-T1-6_k127_243432_9,702
RP-T1-6_k127_243432_10,252
RP-T1-6_k127_243432_11,723
RP-T1-6_k127_243432_12,645
RP-T1-6_k127_243432_13,492
RP-T1-6_k127_243432_14,1230
RP-T1-6_k127_243432_15,252
RP-T1-6_k127_243432_16,240
RP-T1-6_k127_243432_17,2307
RP-T1-6_k127_243432_18,987
RP-T1-6_k127_1759777_1,294
RP-T1-6_k127_1759777_2,696
RP-T1-6_k127_1759777_3,675
RP-T1-6_k127_1759777_4,3312
RP-T1-6_k127_1759777_5,450
RP-T1-6_k127_1759777_6,450
RP-T1-6_k127_1759777_7,375
RP-T1-6_k127_1759777_8,246
RP-T1-6_k127_1759777_9,921
RP-T1-6_k127_1759777_10,999
RP-T1-6_k127_1759777_11,1290
RP-T1-6_k127_431197_1,276
RP-T1-6_k127_431197_2,1017
SC-T1-3_k127_1064654_4,471
SC-T1-3_k127_1064654_5,906
SC-T1-3_k127_1064654_6,663
SC-T1-3_k127_1064654_7,1032
SC-T1-3_k127_1064654_8,756
SC-T1-3_k127_1064654_9,531
SC-T1-3_k127_1064654_10,777
SC-T1-3_k127_1064654_11,573
SC-T1-3_k127_1064654_12,783
SC-T1-3_k127_1064654_13,819
SC-T1-3_k127_1064654_14,855
SC-T1-3_k127_1064654_15,204
SC-T1-3_k127_607320_1,303
SC-T1-3_k127_607320_2,1005
SC-T1-3_k127_607320_3,762
SC-T1-3_k127_607320_4,1593
SC-T1-3_k127_607320_5,120
SC-T1-3_k127_607320_6,501
SC-T1-3_k127_607320_7,543
SC-T1-3_k127_607320_8,867
SC-T1-3_k127_607320_9,372
SC-T1-3_k127_607320_10,561
SC-T1-3_k127_607320_11,762
SC-T1-3_k127_607320_12,1635
SC-T1-3_k127_607320_13,345
SC-T1-3_k127_216863_1,660
SC-T1-3_k127_216863_2,1524
SC-T1-3_k127_216863_3,1098
SC-T1-3_k127_216863_4,1401
SC-T1-3_k127_216863_5,1281
SC-T1-3_k127_216863_6,861
SC-T1-3_k127_216863_7,1332
SC-T1-3_k127_216863_8,699
SC-T1-3_k127_216863_9,1023
SC-T1-3_k127_216863_10,903
SC-T1-3_k127_216863_11,1788
SC-T1-3_k127_216863_12,1992
SC-T1-3_k127_216863_13,288
SC-T1-3_k127_216863_14,603
SC-T1-3_k127_216863_15,483
SC-T1-3_k127_216863_16,501
SC-T1-3_k127_216863_17,819
SC-T1-3_k127_459616_1,525
SC-T1-3_k127_459616_2,885
SC-T1-3_k127_459616_3,1209
SC-T1-3_k127_459616_4,804
SC-T1-3_k127_459616_5,1101
SC-T1-3_k127_459616_6,579
SC-T1-3_k127_459616_7,912
SC-T1-3_k127_459616_8,1683
SC-T1-3_k127_459616_9,279
SC-T1-3_k127_459616_10,243
SC-T1-3_k127_227779_1,792
SC-T1-3_k127_227779_2,627
SC-T1-3_k127_227779_3,966
SC-T1-3_k127_227779_4,1011
SC-T1-3_k127_227779_5,642
SC-T1-3_k127_227779_6,879
SC-T1-3_k127_227779_7,1248
SC-T1-3_k127_227779_8,591
SC-T1-3_k127_227779_9,1371
SC-T1-3_k127_227779_10,732
SC-T1-3_k127_227779_11,1344
SC-T1-3_k127_227779_12,417
SC-T1-3_k127_227779_13,579
SC-T1-3_k127_227779_14,255
SC-T1-3_k127_66921_1,966
SC-T1-3_k127_66921_2,1044
SC-T1-3_k127_66921_3,1278
SC-T1-3_k127_66921_4,366
SC-T1-3_k127_66921_5,1017
SC-T1-3_k127_66921_6,1068
SC-T1-3_k127_66921_7,135
SC-T1-3_k127_66921_8,972
SC-T1-3_k127_66921_9,1200
SC-T1-3_k127_66921_10,468
SC-T1-3_k127_66921_11,876
SC-T1-3_k127_66921_12,1251
SC-T1-3_k127_66921_13,726
SC-T1-3_k127_66921_14,1641
SC-T1-3_k127_66921_15,573
SC-T1-3_k127_296696_1,324
SC-T1-3_k127_296696_2,423
SC-T1-3_k127_296696_3,483
SC-T1-3_k127_296696_4,375
SC-T1-3_k127_296696_5,912
SC-T1-3_k127_296696_6,234
SC-T1-3_k127_296696_7,588
SC-T1-3_k127_296696_8,210
8-T1-6_k127_232813_3,360
8-T1-6_k127_232813_4,645
8-T1-6_k127_232813_5,2124
8-T1-6_k127_232813_6,1662
8-T1-6_k127_232813_7,552
8-T1-6_k127_232813_8,249
8-T1-6_k127_232813_9,600
8-T1-6_k127_232813_10,573
8-T1-6_k127_232813_11,177
8-T1-6_k127_232813_12,768
8-T1-6_k127_232813_13,1044
RC-T1-3_k127_506943_1,963
RC-T1-3_k127_506943_2,1326
RC-T1-3_k127_506943_3,549
RC-T1-3_k127_506943_4,801
RC-T1-3_k127_506943_5,486
RC-T1-3_k127_506943_6,753
RC-T1-3_k127_506943_7,1161
RC-T1-3_k127_506943_8,1794
RC-T1-3_k127_506943_9,267
RC-T1-3_k127_506943_10,1029
RC-T1-3_k127_506943_11,138
RC-T1-6_k127_58610_1,186
RC-T1-6_k127_58610_2,258
RC-T1-6_k127_58610_3,288
RC-T1-6_k127_58610_4,258
RC-T1-6_k127_58610_5,252
RC-T1-6_k127_58610_6,240
RC-T1-6_k127_58610_7,348
RC-T1-6_k127_58610_8,576
RC-T1-6_k127_58610_9,204
RC-T1-6_k127_58610_10,414
RC-T1-6_k127_58610_11,450
RC-T1-6_k127_58610_12,426
RC-T1-6_k127_58610_13,591
RC-T1-6_k127_58610_14,792
RC-T1-6_k127_58610_15,189
RC-T1-6_k127_58610_16,153
RC-T1-6_k127_58610_17,1419
RC-T1-6_k127_58610_18,204
RC-T1-6_k127_58610_19,474
RC-T1-9_k127_787826_1,393
RC-T1-9_k127_787826_2,645
RC-T1-9_k127_787826_3,1185
RC-T1-9_k127_787826_4,216
RC-T1-9_k127_787826_5,201
RC-T1-9_k127_787826_6,288
RC-T1-9_k127_787826_7,915
RC-T1-9_k127_787826_8,411
RC-T1-9_k127_787826_9,888
RC-T1-9_k127_787826_10,342
RC-T1-9_k127_787826_11,603
RC-T1-9_k127_787826_12,1914
RC-T1-9_k127_787826_13,969
RC-T1-9_k127_8007_1,435
RC-T1-9_k127_8007_2,675
RC-T1-9_k127_8007_3,1314
RC-T1-9_k127_8007_4,411
RC-T1-9_k127_8007_5,2361
RC-T1-9_k127_8007_6,981
RC-T1-9_k127_8007_7,1962
RC-T1-9_k127_8007_8,465
RC-T1-9_k127_8007_9,1473
RC-T1-9_k127_8007_10,900
RC-T1-9_k127_8007_11,927
RC-T1-9_k127_354979_1,486
SC-T1-3_k127_740408_10,432
SC-T1-3_k127_740408_11,312
SC-T1-3_k127_740408_12,684
SC-T1-3_k127_740408_13,630
SC-T1-3_k127_740408_14,285
SC-T1-3_k127_740408_15,270
SC-T1-3_k127_740408_16,450
SC-T1-6_k127_659841_1,246
SC-T1-6_k127_659841_2,183
SC-T1-6_k127_659841_3,435
SC-T1-6_k127_659841_4,789
SC-T1-6_k127_659841_5,177
SC-T1-6_k127_659841_6,1755
SC-T1-6_k127_659841_7,504
SC-T1-6_k127_659841_8,258
SC-T1-6_k127_659841_9,345
SC-T1-6_k127_659841_10,1392
SC-T1-6_k127_659841_11,108
SC-T1-6_k127_98400_1,105
SC-T1-6_k127_98400_2,153
SC-T1-6_k127_98400_3,3378
SC-T1-6_k127_98400_4,387
SC-T1-6_k127_98400_5,936
SC-T1-6_k127_98400_6,801
SC-T1-6_k127_98400_7,669
SC-T1-6_k127_98400_8,825
SC-T1-6_k127_98400_9,324
SC-T1-6_k127_98400_10,1275
SC-T1-6_k127_98400_11,378
SC-T1-6_k127_98400_12,369
SC-T1-6_k127_98400_13,483
SC-T1-6_k127_98400_14,480
SC-T1-6_k127_944388_1,114
SC-T1-6_k127_944388_2,2127
SC-T1-6_k127_944388_3,282
SC-T1-6_k127_944388_4,642
SC-T1-6_k127_944388_5,861
SC-T1-6_k127_944388_6,1332
SC-T1-6_k127_944388_7,951
SC-T1-6_k127_944388_8,531
SC-T1-6_k127_944388_9,1131
SC-T1-6_k127_944388_10,1383
SC-T1-6_k127_944388_11,1326
SC-T1-6_k127_944388_12,723
SC-T1-6_k127_944388_13,402
SC-T1-6_k127_944388_14,315
SC-T1-6_k127_944388_15,813
SC-T1-6_k127_720975_1,1116
SC-T1-6_k127_720975_2,810
SC-T1-6_k127_720975_3,192
SC-T1-6_k127_720975_4,321
SC-T1-6_k127_720975_5,465
SC-T1-6_k127_720975_6,1026
SC-T1-6_k127_720975_7,579
SC-T1-6_k127_720975_8,834
SC-T1-6_k127_720975_9,879
SC-T1-6_k127_720975_10,711
SC-T1-6_k127_720975_11,942
SC-T1-6_k127_720975_12,2406
SC-T1-6_k127_720975_13,939
SC-T1-6_k127_720975_14,561
SC-T1-6_k127_720975_15,1365
SC-T1-6_k127_720975_16,726
SC-T1-6_k127_720975_17,156
SC-T1-6_k127_720975_18,1392
SC-T1-6_k127_720975_19,132
SC-T1-6_k127_720975_20,657
SC-T1-6_k127_720975_21,897
SC-T1-6_k127_720975_22,1416
SC-T1-6_k127_720975_23,816
SC-T1-6_k127_720975_24,1398
SC-T1-6_k127_720975_25,444
SC-T1-6_k127_720975_26,897
SC-T1-6_k127_720975_27,345
SC-T1-6_k127_720975_28,891
SC-T1-6_k127_948687_1,1863
SC-T1-6_k127_948687_2,888
SC-T1-6_k127_948687_3,561
SC-T1-6_k127_948687_4,1068
SC-T1-6_k127_948687_5,1995
SC-T1-6_k127_948687_6,630
SC-T1-6_k127_948687_7,396
SC-T1-6_k127_948687_8,903
SC-T1-6_k127_948687_9,1026
SC-T1-6_k127_948687_10,852
SC-T1-6_k127_948687_11,453
SC-T1-6_k127_948687_12,1293
SC-T1-6_k127_21126_1,615
SC-T1-6_k127_21126_2,2328
SC-T1-6_k127_21126_3,1512
SC-T1-6_k127_21126_4,1413
SC-T1-6_k127_21126_5,138
SC-T1-6_k127_21126_6,519
SC-T1-6_k127_21126_7,711
SC-T1-6_k127_21126_8,2043
SC-T1-6_k127_21126_9,558
SC-T1-6_k127_21126_10,216
SC-T1-6_k127_21126_11,1005
SC-T1-6_k127_21126_12,2853
SC-T1-6_k127_21126_13,765
SC-T1-3_k127_1079232_22,711
SC-T1-3_k127_104701_1,735
SC-T1-3_k127_104701_2,1335
SC-T1-3_k127_104701_3,1437
SC-T1-3_k127_104701_4,1668
SC-T1-3_k127_104701_5,318
SC-T1-3_k127_104701_6,1704
SC-T1-3_k127_104701_7,426
SC-T1-3_k127_104701_8,573
SC-T1-3_k127_104701_9,732
SC-T1-3_k127_104701_10,948
SC-T1-3_k127_104701_11,1521
SC-T1-3_k127_104701_12,1839
SC-T1-3_k127_104701_13,747
SC-T1-3_k127_104701_14,429
SC-T1-3_k127_104701_15,771
SC-T1-3_k127_104701_16,540
SC-T1-3_k127_260630_1,360
SC-T1-3_k127_260630_2,528
SC-T1-3_k127_260630_3,279
SC-T1-3_k127_260630_4,1338
SC-T1-3_k127_260630_5,432
SC-T1-3_k127_260630_6,264
SC-T1-3_k127_260630_7,753
SC-T1-3_k127_260630_8,222
SC-T1-3_k127_260630_9,1164
SC-T1-3_k127_260630_10,627
SC-T1-3_k127_260630_11,423
SC-T1-3_k127_260630_12,441
SC-T1-3_k127_260630_13,3690
SC-T1-3_k127_260630_14,1188
SC-T1-3_k127_260630_15,168
SC-T1-3_k127_260630_16,852
SC-T1-3_k127_260630_17,132
SC-T1-3_k127_260630_18,720
SC-T1-3_k127_260630_19,405
SC-T1-3_k127_260630_20,984
SC-T1-3_k127_260630_21,744
SC-T1-3_k127_127432_1,135
SC-T1-3_k127_127432_2,189
SC-T1-3_k127_127432_3,2442
SC-T1-3_k127_127432_4,1848
SC-T1-3_k127_127432_5,1053
SC-T1-3_k127_127432_6,909
SC-T1-3_k127_127432_7,312
UAB-T1-6_k127_697090_5,1803
UAB-T1-6_k127_697090_6,546
UAB-T1-6_k127_697090_7,909
UAB-T1-6_k127_697090_8,561
UAB-T1-6_k127_697090_9,792
UAB-T1-6_k127_697090_10,369
UAB-T1-6_k127_697090_11,669
UAB-T1-6_k127_697090_12,960
UAB-T1-6_k127_384601_1,741
UAB-T1-6_k127_1234881_1,456
UAB-T1-6_k127_1060950_1,1008
UAB-T1-6_k127_1060950_2,1590
UAB-T1-6_k127_1060950_3,696
UAB-T1-6_k127_1060950_4,396
UAB-T1-6_k127_1060950_5,717
UAB-T1-6_k127_1060950_6,1083
UAB-T1-6_k127_1060950_7,318
UAB-T1-6_k127_1060950_8,444
UAB-T1-6_k127_1060950_9,228
UAB-T1-6_k127_1060950_10,1665
UAB-T1-6_k127_1060950_11,180
UAB-T1-6_k127_1060950_12,183
UAB-T1-6_k127_1060950_13,882
UAB-T1-6_k127_1060950_14,1665
UAB-T1-6_k127_284708_1,153
UAB-T1-6_k127_284708_2,690
UAB-T1-6_k127_284708_3,1413
UAB-T1-6_k127_284708_4,1791
UAB-T1-6_k127_284708_5,1344
UAB-T1-6_k127_284708_6,957
UAB-T1-6_k127_284708_7,324
UAB-T1-6_k127_284708_8,1224
UAB-T1-6_k127_284708_9,468
UAB-T1-6_k127_284708_10,165
UAB-T1-6_k127_284708_11,384
UAB-T1-6_k127_284708_12,675
UAB-T1-6_k127_284708_13,2808
UAB-T1-9_k127_419732_1,1263
UAB-T1-9_k127_419732_2,858
UAB-T1-9_k127_419732_3,1032
UAB-T1-9_k127_419732_4,837
UAB-T1-9_k127_419732_5,1518
UAB-T1-9_k127_419732_6,969
UAB-T1-9_k127_419732_7,483
UAB-T1-9_k127_419732_8,489
UAB-T1-9_k127_419732_9,399
UAB-T1-9_k127_419732_10,723
UAB-T1-9_k127_419732_11,1671
UAB-T1-9_k127_419732_12,345
UAB-T1-9_k127_120282_1,861
UAB-T1-9_k127_120282_2,1155
UAB-T1-9_k127_120282_3,1512
11B-T1-3_k127_285612_1,384
11B-T1-3_k127_285612_2,630
11B-T1-3_k127_285612_3,462
11B-T1-3_k127_285612_4,591
11B-T1-3_k127_285612_5,468
11B-T1-3_k127_285612_6,276
11B-T1-3_k127_285612_7,1785
11B-T1-3_k127_285612_8,855
11B-T1-3_k127_285612_9,1059
11B-T1-3_k127_285612_10,1074
11B-T1-3_k127_285612_11,1260
11B-T1-3_k127_285612_12,177
11B-T1-3_k127_285612_13,348
11B-T1-3_k127_968458_1,363
11B-T1-3_k127_968458_2,336
11B-T1-3_k127_968458_3,690
11B-T1-3_k127_968458_4,654
11B-T1-3_k127_968458_5,2826
11B-T1-3_k127_968458_6,276
11B-T1-3_k127_968458_7,1263
11B-T1-3_k127_968458_8,1335
11B-T1-3_k127_968458_9,1497
11B-T1-3_k127_968458_10,747
11B-T1-3_k127_968458_11,849
11B-T1-3_k127_968458_12,1005
11B-T1-3_k127_968458_13,789
11B-T1-3_k127_968458_14,1230
11B-T1-3_k127_968458_15,648
11B-T1-3_k127_968458_16,798
11B-T1-3_k127_968458_17,2358
11B-T1-3_k127_968458_18,357
11B-T1-3_k127_968458_19,330
11B-T1-3_k127_968458_20,441
11B-T1-3_k127_968458_21,1734
11B-T1-3_k127_968458_22,402
11B-T1-3_k127_968458_23,522
11B-T1-3_k127_390147_1,1065
11B-T1-3_k127_390147_2,1377
11B-T1-3_k127_390147_3,843
11B-T1-3_k127_390147_4,1389
11B-T1-3_k127_390147_5,795
11B-T1-3_k127_390147_6,1188
11B-T1-3_k127_390147_7,1065
11B-T1-3_k127_390147_8,1053
11B-T1-3_k127_948439_2,1821
11B-T1-3_k127_948439_3,2004
11B-T1-3_k127_948439_4,228
11B-T1-3_k127_948439_5,699
11B-T1-3_k127_948439_6,579
11B-T1-3_k127_948439_7,798
11B-T1-3_k127_948439_8,645
11B-T1-3_k127_948439_9,756
11B-T1-6_k127_904072_1,249
11B-T1-6_k127_904072_2,459
11B-T1-6_k127_904072_3,498
11B-T1-6_k127_904072_4,99
11B-T1-6_k127_904072_5,630
11B-T1-6_k127_904072_6,294
11B-T1-6_k127_904072_7,1077
11B-T1-6_k127_904072_8,2400
11B-T1-6_k127_904072_9,4776
11B-T1-6_k127_1177313_1,1119
11B-T1-6_k127_1177313_2,3777
11B-T1-6_k127_1177313_3,705
11B-T1-6_k127_1177313_4,753
11B-T1-6_k127_1177313_5,342
11B-T1-6_k127_1177313_6,132
11B-T1-6_k127_510359_1,933
11B-T1-6_k127_510359_2,1578
11B-T1-6_k127_510359_3,177
11B-T1-6_k127_510359_4,1794
11B-T1-6_k127_510359_5,1302
11B-T1-6_k127_510359_6,762
11B-T1-6_k127_510359_7,711
11B-T1-6_k127_510359_8,1149
11B-T1-6_k127_1110738_1,1755
11B-T1-6_k127_1110738_2,870
11B-T1-6_k127_1110738_3,216
11B-T1-6_k127_1110738_4,1203
11B-T1-6_k127_1110738_5,1866
11B-T1-6_k127_1110738_6,4482
11B-T1-6_k127_1110738_7,198
11B-T1-6_k127_1110738_8,288
11B-T1-6_k127_1110738_9,228
11B-T1-6_k127_1110738_10,1092
11B-T1-6_k127_938349_1,2319
11B-T1-6_k127_938349_2,675
11B-T1-6_k127_938349_3,1038
11B-T1-6_k127_938349_4,4215
11B-T1-6_k127_938349_5,249
11B-T1-6_k127_938349_6,318
11B-T1-6_k127_938349_7,252
11B-T1-6_k127_938349_8,1884
11B-T1-6_k127_938349_9,312
11B-T1-6_k127_938349_10,210
11B-T1-6_k127_1036172_1,3567
11B-T1-6_k127_1036172_2,576
11B-T1-6_k127_1036172_3,648
11B-T1-6_k127_1036172_4,1518
11B-T1-6_k127_1036172_5,1404
11B-T1-6_k127_1036172_6,1446
11B-T1-6_k127_520005_1,363
11B-T1-6_k127_520005_2,315
11B-T1-6_k127_520005_3,1020
11B-T1-6_k127_520005_4,777
11B-T1-6_k127_520005_5,558
11B-T1-6_k127_520005_6,402
11B-T1-6_k127_520005_7,1422
11B-T1-6_k127_520005_8,1050
11B-T1-6_k127_520005_9,393
11B-T1-6_k127_520005_10,624
11B-T1-6_k127_520005_11,2313
11B-T1-6_k127_520005_12,1464
11B-T1-6_k127_520005_13,984
11B-T1-6_k127_520005_14,222
11B-T1-6_k127_97140_1,1119
11B-T1-6_k127_660863_1,1362
11B-T1-6_k127_660863_2,1005
11B-T1-6_k127_660863_3,834
11B-T1-6_k127_660863_4,951
11B-T1-6_k127_660863_5,1188
11B-T1-6_k127_660863_6,348
11B-T1-6_k127_660863_7,1224
11B-T1-6_k127_660863_8,1734
11B-T1-6_k127_660863_9,858
11B-T1-6_k127_660863_10,720
11B-T1-6_k127_660863_11,297
11B-T1-6_k127_660863_12,258
11B-T1-6_k127_436078_1,798
11B-T1-6_k127_436078_2,891
11B-T1-6_k127_436078_3,1155
11B-T1-6_k127_436078_4,2076
11B-T1-6_k127_436078_5,1965
11B-T1-6_k127_436078_6,288
11B-T1-6_k127_436078_7,291
11B-T1-6_k127_436078_8,1905
11B-T1-6_k127_436078_9,1008
8-T1-6_k127_283000_1,450
8-T1-6_k127_283000_2,198
8-T1-6_k127_283000_3,387
8-T1-6_k127_283000_4,468
8-T1-6_k127_283000_5,255
8-T1-6_k127_283000_6,333
8-T1-6_k127_283000_7,1293
8-T1-6_k127_283000_8,942
8-T1-6_k127_283000_9,1143
8-T1-6_k127_283000_10,1413
8-T1-6_k127_283000_11,429
SC-T1-3_k127_127432_8,273
SC-T1-3_k127_127432_9,519
SC-T1-3_k127_127432_10,255
SC-T1-3_k127_127432_11,1881
SC-T1-3_k127_127432_12,774
SC-T1-3_k127_1105723_1,1866
SC-T1-3_k127_1105723_2,1779
SC-T1-3_k127_1105723_3,474
SC-T1-3_k127_1105723_4,1221
SC-T1-3_k127_1105723_5,867
SC-T1-3_k127_1105723_6,516
SC-T1-3_k127_1105723_7,348
SC-T1-3_k127_1105723_8,933
SC-T1-3_k127_1105723_9,1308
SC-T1-3_k127_730379_1,1863
SC-T1-3_k127_730379_2,1146
SC-T1-3_k127_730379_3,543
SC-T1-3_k127_730379_4,1647
SC-T1-3_k127_730379_5,954
SC-T1-3_k127_730379_6,639
SC-T1-3_k127_730379_7,603
SC-T1-3_k127_730379_8,1047
SC-T1-3_k127_730379_9,1929
SC-T1-3_k127_730379_10,669
SC-T1-3_k127_730379_11,210
SC-T1-3_k127_730379_12,324
SC-T1-3_k127_730379_13,315
SC-T1-3_k127_730379_14,201
SC-T1-3_k127_730379_15,771
SC-T1-3_k127_743647_1,1188
SC-T1-3_k127_743647_2,2109
SC-T1-3_k127_743647_3,372
SC-T1-3_k127_743647_4,477
SC-T1-3_k127_743647_5,549
SC-T1-3_k127_743647_6,462
SC-T1-3_k127_743647_7,384
SC-T1-3_k127_743647_8,1245
SC-T1-3_k127_743647_9,1794
SC-T1-3_k127_743647_10,984
SC-T1-3_k127_743647_11,6135
SC-T1-3_k127_530657_1,2193
SC-T1-3_k127_530657_2,417
SC-T1-3_k127_530657_3,3408
SC-T1-3_k127_530657_4,1221
SC-T1-3_k127_530657_5,1023
SC-T1-3_k127_530657_6,3033
SC-T1-3_k127_530657_7,825
SC-T1-3_k127_530657_8,876
SC-T1-3_k127_530657_9,2940
SC-T1-3_k127_530657_10,219
SC-T1-3_k127_530657_11,1308
SC-T1-3_k127_530657_12,3246
SC-T1-3_k127_530657_13,843
SC-T1-3_k127_530657_14,963
SC-T1-3_k127_530657_15,543
HP-T1-6_k127_110633_7,309
HP-T1-6_k127_110633_8,342
HP-T1-6_k127_110633_9,246
HP-T1-6_k127_110633_10,198
HP-T1-6_k127_110633_11,444
HP-T1-6_k127_110633_12,729
HP-T1-6_k127_110633_13,1899
HP-T1-6_k127_110633_14,1053
HP-T1-6_k127_110633_15,2247
HP-T1-6_k127_110633_16,2595
HP-T1-6_k127_110633_17,711
HP-T1-6_k127_110633_18,2853
HP-T1-6_k127_110633_19,2478
HP-T1-6_k127_110633_20,2778
HP-T1-6_k127_110633_21,1542
HP-T1-6_k127_110633_22,1809
HP-T1-6_k127_110633_23,2739
HP-T1-6_k127_110633_24,198
HP-T1-6_k127_110633_25,333
HP-T1-6_k127_110633_26,627
HP-T1-6_k127_1184122_1,735
HP-T1-6_k127_1184122_2,393
HP-T1-6_k127_1184122_3,351
HP-T1-6_k127_1184122_4,348
HP-T1-6_k127_1184122_5,438
HP-T1-6_k127_1184122_6,234
HP-T1-6_k127_1184122_7,600
HP-T1-6_k127_1184122_8,351
HP-T1-6_k127_1184122_9,156
HP-T1-6_k127_1184122_10,378
HP-T1-6_k127_1184122_11,3516
HP-T1-6_k127_1184122_12,300
HP-T1-6_k127_1184122_13,420
HP-T1-6_k127_1184122_14,1569
HP-T1-6_k127_1184122_15,1383
HP-T1-6_k127_1184122_16,1047
HP-T1-6_k127_1184122_17,2739
HP-T1-6_k127_1184122_18,870
HP-T1-6_k127_1184122_19,816
HP-T1-6_k127_1184122_20,1017
HP-T1-6_k127_1184122_21,303
HP-T1-6_k127_1184122_22,549
HP-T1-6_k127_1184122_23,240
HP-T1-6_k127_1184122_24,996
HP-T1-6_k127_1184122_25,804
HP-T1-6_k127_1184122_26,129
HP-T1-6_k127_1184122_27,1326
HP-T1-6_k127_1184122_28,708
HP-T1-6_k127_1184122_29,234
HP-T1-6_k127_1184122_30,597
HP-T1-6_k127_1184122_31,384
HP-T1-6_k127_1184122_32,285
HP-T1-6_k127_1184122_33,264
HP-T1-6_k127_1184122_34,258
HP-T1-6_k127_1184122_35,1206
HP-T1-6_k127_1184122_36,1020
HP-T1-6_k127_1184122_37,981
HP-T1-6_k127_1184122_38,657
HP-T1-6_k127_1184122_39,2265
HP-T1-6_k127_1184122_40,240
HP-T1-6_k127_1184122_41,1485
HP-T1-6_k127_1184122_42,861
HP-T1-6_k127_1184122_43,669
HP-T1-6_k127_1184122_44,1662
HP-T1-6_k127_1184122_45,294
HP-T1-6_k127_166964_2,906
HP-T1-6_k127_166964_3,198
HP-T1-6_k127_166964_4,333
HP-T1-6_k127_166964_5,426
HP-T1-6_k127_166964_6,426
HP-T1-6_k127_166964_7,3117
HP-T1-6_k127_166964_8,918
HP-T1-6_k127_166964_9,378
HP-T1-6_k127_166964_10,846
HP-T1-6_k127_166964_11,987
HP-T1-6_k127_166964_12,681
HP-T1-6_k127_166964_13,1086
HP-T1-6_k127_166964_14,291
HP-T1-6_k127_166964_15,744
HP-T1-6_k127_166964_16,318
HP-T1-6_k127_166964_17,1308
HP-T1-6_k127_532691_1,486
HP-T1-6_k127_532691_2,267
HP-T1-6_k127_532691_3,732
HP-T1-6_k127_532691_4,645
HP-T1-6_k127_532691_5,474
HP-T1-6_k127_532691_6,1284
HP-T1-6_k127_532691_7,450
HP-T1-6_k127_532691_8,573
HP-T1-6_k127_532691_9,969
HP-T1-6_k127_532691_10,639
HP-T1-6_k127_532691_11,540
HP-T1-6_k127_532691_12,444
HP-T1-6_k127_532691_13,876
HP-T1-6_k127_532691_14,1230
HP-T1-6_k127_532691_15,525
HP-T1-6_k127_532691_16,120
HP-T1-6_k127_532691_17,759
SC-T1-3_k127_734542_4,474
SC-T1-3_k127_734542_5,216
SC-T1-3_k127_242558_1,11790
SC-T1-3_k127_242558_2,1137
SC-T1-3_k127_182429_1,1053
SC-T1-3_k127_182429_2,108
SC-T1-3_k127_182429_3,870
SC-T1-3_k127_182429_4,303
SC-T1-3_k127_182429_5,831
SC-T1-3_k127_182429_6,729
SC-T1-3_k127_182429_7,552
SC-T1-3_k127_182429_8,804
SC-T1-3_k127_182429_9,501
SC-T1-3_k127_182429_10,924
SC-T1-3_k127_182429_11,1086
SC-T1-3_k127_182429_12,243
SC-T1-3_k127_182429_13,216
SC-T1-3_k127_77686_1,303
SC-T1-3_k127_77686_2,510
SC-T1-3_k127_77686_3,771
SC-T1-3_k127_77686_4,174
SC-T1-3_k127_77686_5,672
SC-T1-3_k127_77686_6,531
SC-T1-3_k127_77686_7,390
SC-T1-3_k127_77686_8,843
SC-T1-3_k127_77686_9,1053
SC-T1-3_k127_77686_10,867
SC-T1-3_k127_77686_11,1044
SC-T1-3_k127_77686_12,885
SC-T1-3_k127_77686_13,162
SC-T1-3_k127_1023492_1,408
SC-T1-3_k127_1023492_2,720
SC-T1-3_k127_1023492_3,288
SC-T1-3_k127_1023492_4,261
SC-T1-3_k127_1023492_5,573
SC-T1-3_k127_1023492_6,2883
SC-T1-3_k127_1023492_7,102
SC-T1-3_k127_1023492_8,2016
SC-T1-3_k127_1023492_9,621
SC-T1-3_k127_1023492_10,1017
SC-T1-3_k127_1023492_11,471
SC-T1-3_k127_1023492_12,1434
SC-T1-3_k127_1023492_13,963
SC-T1-3_k127_1023492_14,612
SC-T1-3_k127_1023492_15,471
SC-T1-3_k127_561277_1,438
SC-T1-3_k127_561277_2,261
8-T1-6_k127_232813_14,690
8-T1-6_k127_232813_15,456
8-T1-6_k127_232813_16,1755
8-T1-6_k127_232813_17,1236
8-T1-6_k127_339026_1,1212
8-T1-6_k127_339026_2,1698
8-T1-6_k127_339026_3,735
8-T1-6_k127_339026_4,159
8-T1-6_k127_339026_5,1188
8-T1-6_k127_339026_6,171
8-T1-6_k127_339026_7,429
8-T1-6_k127_339026_8,930
8-T1-6_k127_339026_9,591
8-T1-6_k127_339026_10,1149
8-T1-6_k127_339026_11,429
8-T1-6_k127_339026_12,1188
8-T1-6_k127_339026_13,1191
8-T1-6_k127_339026_14,858
8-T1-6_k127_338439_1,912
8-T1-6_k127_338439_2,594
8-T1-6_k127_338439_3,1482
8-T1-6_k127_338439_4,513
8-T1-6_k127_338439_5,1011
8-T1-6_k127_338439_6,552
8-T1-6_k127_338439_7,906
8-T1-6_k127_338439_8,576
8-T1-6_k127_338439_9,1803
8-T1-6_k127_338439_10,576
8-T1-9_k127_384206_1,570
8-T1-9_k127_384206_2,96
8-T1-9_k127_384206_3,309
8-T1-9_k127_384206_4,726
8-T1-9_k127_384206_5,711
8-T1-9_k127_384206_6,1128
8-T1-9_k127_384206_7,903
8-T1-9_k127_384206_8,432
8-T1-9_k127_384206_9,1080
8-T1-9_k127_384206_10,804
8-T1-9_k127_384206_11,894
8-T1-9_k127_384206_12,183
8-T1-9_k127_384206_13,423
8-T1-9_k127_384206_14,1149
8-T1-9_k127_384206_15,1269
8-T1-9_k127_715796_7,1464
HP-T1-3_k127_908076_1,480
HP-T1-3_k127_908076_2,420
HP-T1-3_k127_908076_3,228
HP-T1-3_k127_908076_4,462
HP-T1-3_k127_908076_5,114
HP-T1-3_k127_908076_6,357
HP-T1-3_k127_908076_7,504
HP-T1-3_k127_908076_8,981
HP-T1-3_k127_908076_9,621
HP-T1-3_k127_908076_10,1314
HP-T1-3_k127_908076_11,1266
HP-T1-3_k127_908076_12,375
HP-T1-3_k127_908076_13,2049
HP-T1-3_k127_908076_14,150
HP-T1-3_k127_908076_15,183
HP-T1-3_k127_908076_16,339
HP-T1-3_k127_908076_17,96
HP-T1-3_k127_908076_18,4059
HP-T1-3_k127_908076_19,1086
HP-T1-3_k127_908076_20,1029
HP-T1-3_k127_908076_21,246
HP-T1-3_k127_612488_1,252
HP-T1-3_k127_612488_2,324
HP-T1-3_k127_612488_3,393
HP-T1-3_k127_612488_4,378
HP-T1-3_k127_612488_5,360
HP-T1-3_k127_612488_6,213
HP-T1-3_k127_612488_7,195
HP-T1-3_k127_612488_8,1101
HP-T1-3_k127_612488_9,1434
HP-T1-3_k127_612488_10,207
HP-T1-3_k127_612488_11,426
HP-T1-3_k127_612488_12,531
HP-T1-3_k127_612488_13,354
HP-T1-3_k127_612488_14,210
HP-T1-3_k127_612488_15,474
HP-T1-3_k127_612488_16,174
HP-T1-3_k127_661173_1,1089
HP-T1-6_k127_518248_1,174
HP-T1-6_k127_518248_2,618
HP-T1-6_k127_518248_3,489
HP-T1-6_k127_518248_4,243
HP-T1-6_k127_518248_5,456
HP-T1-6_k127_518248_6,633
HP-T1-6_k127_518248_7,1095
HP-T1-6_k127_518248_8,813
HP-T1-6_k127_518248_9,186
HP-T1-6_k127_518248_10,144
HP-T1-6_k127_518248_11,756
HP-T1-6_k127_518248_12,4239
HP-T1-6_k127_518248_13,249
HP-T1-6_k127_518248_14,204
HP-T1-6_k127_518248_15,417
HP-T1-6_k127_762727_1,2925
HP-T1-6_k127_762727_2,1350
HP-T1-6_k127_762727_3,585
HP-T1-6_k127_762727_4,1470
HP-T1-6_k127_762727_5,939
HP-T1-6_k127_762727_6,516
HP-T1-6_k127_762727_7,966
HP-T1-6_k127_762727_8,3417
HP-T1-6_k127_762727_9,708
HP-T1-6_k127_762727_10,747
HP-T1-6_k127_762727_11,453
HP-T1-6_k127_762727_12,192
HP-T1-6_k127_762727_13,4551
HP-T1-6_k127_762727_14,804
HP-T1-6_k127_1202427_1,219
HP-T1-6_k127_1202427_2,903
HP-T1-6_k127_1202427_3,579
HP-T1-6_k127_1202427_4,681
HP-T1-6_k127_1202427_5,1755
HP-T1-6_k127_1202427_6,333
HP-T1-6_k127_1202427_7,252
HP-T1-6_k127_1202427_8,414
HP-T1-6_k127_1202427_9,222
HP-T1-6_k127_1202427_10,2451
HP-T1-6_k127_1202427_11,357
HP-T1-6_k127_1153828_1,900
HP-T1-6_k127_1153828_2,1500
HP-T1-6_k127_1153828_3,366
HP-T1-6_k127_1153828_4,1161
HP-T1-6_k127_1153828_5,1116
HP-T1-6_k127_1153828_6,156
HP-T1-6_k127_1153828_7,228
HP-T1-6_k127_1153828_8,1278
HP-T1-6_k127_1153828_9,1842
HP-T1-9_k127_68062_9,864
HP-T1-9_k127_508949_8,1464
HP-T1-9_k127_508949_9,408
HP-T1-9_k127_508949_10,1491
HP-T1-9_k127_508949_11,825
HP-T1-9_k127_508949_12,2097
HP-T1-9_k127_508949_13,570
HP-T1-9_k127_508949_14,117
HP-T1-9_k127_508949_15,1095
HP-T1-9_k127_1145831_2,2370
HP-T1-9_k127_1145831_3,501
HP-T1-9_k127_1145831_4,804
HP-T1-9_k127_1145831_5,411
HP-T1-9_k127_1145831_6,723
HP-T1-9_k127_1145831_7,711
HP-T1-9_k127_1145831_8,1914
HP-T1-9_k127_1145831_9,525
HP-T1-9_k127_1145831_10,345
HP-T1-9_k127_1145831_11,1365
HP-T1-9_k127_1145831_12,564
HP-T1-9_k127_1145831_13,486
HP-T1-9_k127_1145831_14,390
HP-T1-9_k127_1145831_15,486
HP-T1-9_k127_1145831_16,321
HP-T1-9_k127_1145831_17,1857
HP-T1-9_k127_1145831_18,1332
HP-T1-9_k127_1145831_19,771
HP-T1-9_k127_1145831_20,576
HP-T1-9_k127_1145831_21,681
HP-T1-9_k127_1145831_22,354
HP-T1-9_k127_802310_1,297
HP-T1-9_k127_802310_2,453
HP-T1-9_k127_802310_3,591
HP-T1-9_k127_802310_4,885
HP-T1-9_k127_802310_5,1059
HP-T1-9_k127_802310_6,597
HP-T1-9_k127_802310_7,714
HP-T1-9_k127_802310_8,1035
HP-T1-9_k127_802310_9,225
HP-T1-9_k127_802310_10,783
HP-T1-9_k127_802310_11,1626
HP-T1-9_k127_802310_12,3369
HP-T1-9_k127_802310_13,3084
HP-T1-9_k127_802310_14,1470
HP-T1-9_k127_802310_15,1404
HP-T1-9_k127_802310_16,429
HP-T1-9_k127_802310_17,714
HP-T1-9_k127_802310_18,3282
HP-T1-9_k127_802310_19,1227
HP-T1-9_k127_73685_1,330
HP-T1-9_k127_73685_3,486
HP-T1-9_k127_73685_4,1005
HP-T1-9_k127_73685_5,999
HP-T1-9_k127_73685_6,597
HP-T1-9_k127_73685_7,1212
HP-T1-9_k127_73685_8,609
HP-T1-9_k127_73685_9,174
HP-T1-9_k127_73685_10,1101
HP-T1-9_k127_73685_11,162
HP-T1-9_k127_73685_12,1227
HP-T1-9_k127_73685_13,168
HP-T1-9_k127_883720_1,1185
HP-T1-9_k127_883720_2,273
HP-T1-9_k127_883720_3,729
HP-T1-9_k127_883720_4,375
HP-T1-9_k127_883720_5,1197
HP-T1-9_k127_883720_6,750
HP-T1-9_k127_883720_7,411
HP-T1-9_k127_883720_8,2949
SC-T1-3_k127_953376_5,1059
SC-T1-3_k127_953376_6,771
SC-T1-3_k127_953376_7,732
SC-T1-3_k127_953376_8,1713
SC-T1-3_k127_953376_9,1179
SC-T1-3_k127_953376_10,1194
SC-T1-3_k127_953376_11,1182
SC-T1-3_k127_953376_12,1266
SC-T1-3_k127_953376_13,492
SC-T1-3_k127_953376_14,420
SC-T1-3_k127_953376_15,1200
SC-T1-3_k127_953376_16,423
SC-T1-3_k127_953376_17,1593
SC-T1-3_k127_953376_18,963
SC-T1-3_k127_953376_19,1143
SC-T1-3_k127_953376_20,1002
SC-T1-3_k127_953376_21,855
SC-T1-3_k127_953376_22,807
SC-T1-3_k127_461952_1,363
SC-T1-3_k127_461952_2,582
SC-T1-3_k127_461952_3,156
SC-T1-3_k127_461952_4,663
SC-T1-3_k127_461952_5,429
SC-T1-3_k127_461952_6,999
SC-T1-3_k127_461952_7,699
SC-T1-3_k127_461952_8,1068
SC-T1-3_k127_461952_9,555
SC-T1-3_k127_461952_10,747
SC-T1-3_k127_461952_11,642
SC-T1-3_k127_461952_12,408
SC-T1-3_k127_461952_13,1068
SC-T1-3_k127_461952_14,354
SC-T1-3_k127_461952_15,153
SC-T1-3_k127_25775_1,210
SC-T1-3_k127_25775_2,261
SC-T1-3_k127_25775_3,165
SC-T1-3_k127_25775_4,420
SC-T1-3_k127_25775_5,207
SC-T1-3_k127_25775_6,522
SC-T1-3_k127_25775_7,231
SC-T1-3_k127_25775_8,420
SC-T1-3_k127_25775_9,186
SC-T1-3_k127_25775_10,150
SC-T1-3_k127_25775_11,285
SC-T1-3_k127_25775_12,3033
SC-T1-3_k127_25775_13,147
SC-T1-3_k127_25775_14,399
SC-T1-3_k127_25775_15,360
SC-T1-3_k127_25775_16,1668
SC-T1-3_k127_25775_17,195
SC-T1-3_k127_25775_18,510
SC-T1-3_k127_63663_1,273
SC-T1-3_k127_63663_2,486
SC-T1-3_k127_63663_3,417
SC-T1-3_k127_63663_4,498
SC-T1-3_k127_63663_5,588
SC-T1-3_k127_63663_6,1029
SC-T1-3_k127_63663_7,942
SC-T1-3_k127_63663_8,477
SC-T1-3_k127_63663_9,1116
SC-T1-3_k127_63663_10,348
SC-T1-3_k127_63663_11,483
SC-T1-3_k127_63663_12,1470
SC-T1-3_k127_63663_13,255
SC-T1-3_k127_1022113_1,216
SC-T1-3_k127_1022113_2,888
SC-T1-3_k127_1022113_3,990
SC-T1-3_k127_1022113_4,720
SC-T1-3_k127_1022113_5,348
SC-T1-3_k127_1022113_6,357
SC-T1-3_k127_1022113_7,780
SC-T1-3_k127_1022113_8,768
SC-T1-3_k127_1022113_9,1431
SC-T1-3_k127_1022113_10,216
SC-T1-3_k127_1022113_11,681
SC-T1-3_k127_1022113_12,1674
SC-T1-3_k127_1022113_13,861
SC-T1-3_k127_226907_1,180
SC-T1-3_k127_226907_2,375
SC-T1-3_k127_226907_3,738
SC-T1-3_k127_226907_4,921
SC-T1-3_k127_226907_5,963
SC-T1-3_k127_226907_6,1590
SC-T1-3_k127_226907_7,558
SC-T1-3_k127_226907_8,663
SC-T1-3_k127_226907_9,1194
SC-T1-3_k127_226907_10,672
SC-T1-3_k127_226907_11,378
SC-T1-3_k127_226907_12,405
SC-T1-3_k127_167356_1,2937
SC-T1-3_k127_167356_2,282
SC-T1-3_k127_167356_3,1638
SC-T1-3_k127_167356_4,609
SC-T1-3_k127_167356_5,1146
SC-T1-3_k127_167356_6,789
SC-T1-3_k127_167356_7,756
SC-T1-3_k127_167356_8,1005
SC-T1-3_k127_1064654_1,681
SC-T1-3_k127_1064654_2,243
SC-T1-3_k127_1064654_3,366
8-T1-6_k127_283000_12,891
8-T1-6_k127_283000_13,702
8-T1-6_k127_283000_14,150
8-T1-6_k127_283000_15,852
8-T1-6_k127_283000_16,315
8-T1-6_k127_283000_17,186
8-T1-6_k127_283000_18,291
8-T1-6_k127_283000_19,444
8-T1-6_k127_283000_20,900
8-T1-6_k127_283000_21,348
8-T1-6_k127_283000_22,351
8-T1-6_k127_158990_1,285
8-T1-6_k127_158990_2,681
8-T1-6_k127_158990_3,420
8-T1-6_k127_158990_4,1458
8-T1-6_k127_158990_5,1254
8-T1-6_k127_158990_6,1467
8-T1-6_k127_158990_7,1311
8-T1-6_k127_158990_8,723
8-T1-6_k127_158990_9,711
8-T1-6_k127_162707_1,960
8-T1-6_k127_162707_2,786
8-T1-6_k127_162707_3,1191
8-T1-6_k127_162707_4,510
8-T1-6_k127_162707_5,942
8-T1-6_k127_162707_6,504
8-T1-6_k127_162707_7,249
8-T1-6_k127_162707_8,858
8-T1-6_k127_162707_9,1209
8-T1-6_k127_162707_10,564
8-T1-6_k127_162707_11,150
8-T1-6_k127_162707_12,438
8-T1-6_k127_162707_13,1038
8-T1-6_k127_162707_14,2457
8-T1-6_k127_162707_15,342
8-T1-6_k127_162707_16,189
8-T1-6_k127_162707_17,204
8-T1-6_k127_162707_18,207
8-T1-6_k127_162707_19,177
8-T1-6_k127_99016_1,144
8-T1-6_k127_99016_2,153
8-T1-6_k127_99016_3,252
8-T1-6_k127_99016_4,909
8-T1-6_k127_99016_5,126
8-T1-6_k127_99016_6,252
8-T1-6_k127_99016_7,315
8-T1-6_k127_99016_8,591
8-T1-6_k127_99016_9,504
8-T1-6_k127_99016_10,210
8-T1-6_k127_99016_11,231
8-T1-6_k127_99016_12,174
8-T1-6_k127_99016_13,1524
8-T1-6_k127_99016_14,207
8-T1-6_k127_99016_15,156
8-T1-6_k127_99016_16,240
8-T1-6_k127_99016_17,657
8-T1-6_k127_99016_18,234
8-T1-6_k127_99016_19,873
8-T1-6_k127_99016_20,1191
8-T1-6_k127_99016_21,222
8-T1-6_k127_99016_22,378
8-T1-6_k127_99016_23,354
8-T1-6_k127_156082_1,1263
8-T1-6_k127_156082_2,2118
8-T1-6_k127_156082_3,1422
8-T1-6_k127_156082_4,438
8-T1-6_k127_156082_5,276
8-T1-6_k127_156082_6,1854
8-T1-6_k127_156082_7,156
8-T1-6_k127_156082_8,3747
8-T1-6_k127_156082_9,939
8-T1-6_k127_156082_10,150
8-T1-6_k127_156082_11,717
8-T1-6_k127_156082_12,1197
8-T1-6_k127_156082_13,1056
8-T1-6_k127_156082_14,663
8-T1-6_k127_337061_1,360
8-T1-6_k127_337061_2,669
8-T1-6_k127_337061_3,249
8-T1-6_k127_337061_4,1128
8-T1-6_k127_337061_5,681
8-T1-6_k127_337061_6,1008
8-T1-6_k127_337061_7,1086
8-T1-6_k127_337061_8,1413
8-T1-6_k127_337061_9,1503
8-T1-6_k127_337061_11,1605
8-T1-6_k127_337061_12,855
8-T1-6_k127_337061_13,342
8-T1-6_k127_337061_14,222
8-T1-6_k127_337061_15,501
8-T1-6_k127_337061_16,861
8-T1-6_k127_337061_17,1374
8-T1-6_k127_337061_18,357
8-T1-6_k127_337061_19,222
8-T1-6_k127_337061_20,654
8-T1-6_k127_337061_21,186
8-T1-6_k127_337061_22,642
8-T1-6_k127_337061_23,963
8-T1-6_k127_337061_24,228
8-T1-6_k127_337061_25,261
8-T1-6_k127_337061_26,300
8-T1-6_k127_337061_27,1245
8-T1-6_k127_139988_1,891
8-T1-6_k127_139988_2,1407
8-T1-6_k127_139988_3,582
8-T1-6_k127_139988_4,390
8-T1-6_k127_139988_5,2241
8-T1-6_k127_139988_6,195
8-T1-6_k127_139988_7,882
8-T1-6_k127_139988_8,930
8-T1-6_k127_139988_9,165
8-T1-6_k127_226792_1,891
8-T1-6_k127_226792_2,1557
8-T1-6_k127_226792_3,477
8-T1-6_k127_226792_4,1104
8-T1-6_k127_226792_5,453
8-T1-6_k127_226792_6,363
8-T1-6_k127_226792_7,315
8-T1-6_k127_226792_8,294
8-T1-6_k127_226792_9,369
8-T1-6_k127_226792_10,258
8-T1-6_k127_226792_11,270
8-T1-6_k127_226792_12,1620
8-T1-6_k127_226792_13,1062
8-T1-6_k127_226792_14,2643
8-T1-6_k127_226792_15,606
8-T1-6_k127_95242_1,636
8-T1-6_k127_95242_2,276
8-T1-6_k127_95242_3,312
8-T1-6_k127_95242_4,651
8-T1-6_k127_95242_5,267
8-T1-6_k127_95242_6,195
8-T1-6_k127_95242_7,672
8-T1-6_k127_95242_8,315
8-T1-6_k127_95242_9,306
8-T1-6_k127_95242_10,243
8-T1-6_k127_95242_11,537
8-T1-6_k127_95242_12,675
8-T1-6_k127_95242_13,855
8-T1-6_k127_95242_14,564
8-T1-6_k127_95242_15,597
8-T1-6_k127_95242_16,729
8-T1-6_k127_292798_1,432
8-T1-6_k127_292798_2,342
8-T1-6_k127_292798_3,1146
8-T1-6_k127_292798_4,864
8-T1-6_k127_292798_5,987
8-T1-6_k127_292798_6,237
8-T1-6_k127_292798_7,699
8-T1-6_k127_292798_8,741
8-T1-6_k127_292798_9,975
8-T1-6_k127_292798_10,903
8-T1-6_k127_292798_11,1245
8-T1-6_k127_292798_12,1041
8-T1-6_k127_292798_13,1521
8-T1-6_k127_292798_14,690
8-T1-6_k127_292798_15,1212
8-T1-6_k127_292798_16,888
8-T1-6_k127_292798_17,327
8-T1-6_k127_292798_18,1491
8-T1-6_k127_292798_19,219
8-T1-6_k127_292798_20,294
8-T1-6_k127_242958_1,216
8-T1-6_k127_242958_2,909
8-T1-6_k127_242958_3,786
8-T1-6_k127_242958_4,435
8-T1-6_k127_242958_5,171
8-T1-6_k127_242958_6,381
8-T1-6_k127_242958_7,882
8-T1-6_k127_242958_8,996
8-T1-6_k127_242958_9,2859
8-T1-6_k127_252547_1,483
8-T1-6_k127_252547_2,2460
8-T1-6_k127_252547_3,573
8-T1-6_k127_252547_4,939
8-T1-6_k127_252547_5,1773
8-T1-6_k127_252547_6,189
8-T1-6_k127_252547_7,1305
8-T1-6_k127_252547_8,1716
8-T1-6_k127_252547_9,762
8-T1-6_k127_252547_10,822
8-T1-6_k127_217740_1,117
8-T1-6_k127_217740_2,96
8-T1-6_k127_217740_3,144
8-T1-6_k127_217740_4,1236
8-T1-6_k127_217740_5,825
8-T1-6_k127_217740_6,876
8-T1-6_k127_217740_7,255
8-T1-6_k127_217740_8,441
8-T1-6_k127_217740_9,1485
8-T1-6_k127_217740_10,828
8-T1-6_k127_217740_11,1344
8-T1-6_k127_217740_12,753
8-T1-6_k127_217740_13,999
8-T1-6_k127_217740_14,786
8-T1-6_k127_217740_15,375
8-T1-6_k127_217740_16,1260
8-T1-6_k127_217740_17,1209
8-T1-6_k127_217740_18,1047
8-T1-6_k127_217740_19,1083
